Frequency, Return_Loss, Phase, Rs, SWR, Xs, Z
100000,0.41,62.11,4.4,42.32,82.9,83.0
324875,-0.00,3.17,0.0,?,1808.6,1808.6
549750,0.06,2.11,481.1,96.19,2625.1,2668.9
774625,-0.00,1.76,0.0,?,3256.1,3256.1
999500,0.06,1.58,834.2,96.19,3414.1,3514.5
1224375,-0.00,1.58,0.0,?,3617.9,3617.9
1449250,0.06,1.76,683.0,96.19,3105.9,3180.1
1674125,-0.00,1.94,0.0,?,2960.0,2960.0
1899000,-0.00,2.11,0.0,?,2713.3,2713.3
2123875,0.06,2.46,356.6,96.19,2269.6,2297.4
2348750,0.06,2.82,274.6,96.19,1997.1,2015.8
2573625,-0.00,3.17,0.0,?,1808.6,1808.6
2798500,-0.00,3.52,0.0,?,1627.6,1627.6
3023375,-0.00,4.05,0.0,?,1415.2,1415.2
3248250,-0.00,4.40,0.0,?,1301.9,1301.9
3473125,-0.00,4.93,0.0,?,1162.3,1162.3
3698000,-0.00,5.45,0.0,?,1049.6,1049.6
3922875,-0.00,5.98,0.0,?,956.9,956.9
4147750,-0.00,6.69,0.0,?,856.0,856.0
4372625,-0.00,7.21,0.0,?,793.2,793.2
4597500,0.06,7.74,36.9,96.19,737.1,738.0
4822375,-0.00,8.27,0.0,?,691.6,691.6
5047250,-0.00,8.80,0.0,?,650.0,650.0
5272125,-0.00,9.33,0.0,?,613.0,613.0
5497000,-0.00,9.85,0.0,?,580.1,580.1
5721875,-0.00,10.56,0.0,?,541.2,541.2
5946750,-0.00,11.09,0.0,?,515.3,515.3
6171625,-0.00,11.61,0.0,?,491.7,491.7
6396500,-0.00,12.14,0.0,?,470.2,470.2
6621375,-0.00,12.67,0.0,?,450.4,450.4
6846250,-0.00,13.20,0.0,?,432.3,432.3
7071125,-0.00,13.90,0.0,?,410.2,410.2
7296000,-0.00,14.43,0.0,?,395.0,395.0
7520875,-0.00,14.96,0.0,?,380.9,380.9
7745750,-0.00,15.48,0.0,?,367.8,367.8
7970625,-0.00,16.01,0.0,?,355.5,355.5
8195500,-0.00,16.54,0.0,?,344.0,344.0
8420375,-0.00,17.07,0.0,?,333.2,333.2
8645250,-0.00,17.60,0.0,?,323.1,323.1
8870125,-0.00,18.12,0.0,?,313.5,313.5
9095000,-0.00,18.83,0.0,?,301.6,301.6
9319875,-0.00,19.35,0.0,?,293.2,293.2
9544750,-0.00,19.88,0.0,?,285.3,285.3
9769625,-0.00,20.41,0.0,?,277.7,277.7
9994500,-0.00,20.94,0.0,?,270.6,270.6
10219375,-0.00,21.47,0.0,?,263.8,263.8
10444250,-0.00,21.99,0.0,?,257.3,257.3
10669125,-0.00,22.52,0.0,?,251.1,251.1
10894000,0.06,23.05,4.2,96.19,245.1,245.2
11118875,0.06,23.58,4.0,96.19,239.5,239.5
11343750,0.06,24.11,3.9,96.19,234.1,234.1
11568625,0.06,24.63,3.7,96.19,228.9,229.0
11793500,0.06,25.34,3.5,96.19,222.4,222.4
12018375,0.06,25.87,3.4,96.19,217.7,217.7
12243250,0.06,26.39,3.2,96.19,213.2,213.2
12468125,0.06,26.92,3.1,96.19,208.9,208.9
12693000,0.06,27.45,3.0,96.19,204.7,204.7
12917875,-0.00,27.98,0.0,?,200.7,200.7
13142750,0.06,28.50,2.8,96.19,196.8,196.8
13367625,-0.00,29.03,0.0,?,193.1,193.1
13592500,-0.00,29.56,0.0,?,189.5,189.5
13817375,-0.00,30.09,0.0,?,186.0,186.0
14042250,-0.00,30.62,0.0,?,182.7,182.7
14267125,-0.00,31.14,0.0,?,179.4,179.4
14492000,-0.00,31.67,0.0,?,176.3,176.3
14716875,-0.00,32.20,0.0,?,173.2,173.2
14941750,-0.00,32.73,0.0,?,170.3,170.3
15166625,-0.00,33.26,0.0,?,167.4,167.4
15391500,-0.00,33.78,0.0,?,164.7,164.7
15616375,0.06,34.31,1.9,96.19,161.9,162.0
15841250,0.06,35.01,1.9,96.19,158.5,158.5
16066125,0.06,35.54,1.8,96.19,156.0,156.0
16291000,0.06,36.07,1.8,96.19,153.5,153.6
16515875,0.06,36.60,1.7,96.19,151.2,151.2
16740750,0.06,37.13,1.7,96.19,148.9,148.9
16965625,0.06,37.65,1.6,96.19,146.6,146.6
17190500,0.06,38.18,1.6,96.19,144.5,144.5
17415375,0.06,38.71,1.5,96.19,142.3,142.3
17640250,0.06,39.24,1.5,96.19,140.3,140.3
17865125,0.06,39.77,1.5,96.19,138.2,138.2
18090000,0.06,40.29,1.4,96.19,136.3,136.3
18314875,0.06,40.82,1.4,96.19,134.4,134.4
18539750,0.06,41.35,1.4,96.19,132.5,132.5
18764625,0.06,42.05,1.3,96.19,130.1,130.1
18989500,0.06,42.58,1.3,96.19,128.3,128.3
19214375,0.06,43.11,1.3,96.19,126.6,126.6
19439250,0.06,43.64,1.2,96.19,124.9,124.9
19664125,0.06,44.16,1.2,96.19,123.2,123.2
19889000,0.12,44.69,2.3,48.10,121.6,121.6
20113875,0.12,45.22,2.3,48.10,120.0,120.0
20338750,0.18,45.75,3.3,98.73,118.4,118.5
20563625,0.12,46.28,2.2,48.10,117.0,117.0
20788500,0.18,46.80,3.2,98.73,115.5,115.5
21013375,0.18,47.33,3.1,98.73,114.0,114.1
21238250,0.18,47.86,3.1,98.73,112.6,112.6
21463125,0.18,48.39,3.0,98.73,111.2,111.3
21688000,0.18,48.91,3.0,98.73,109.9,109.9
21912875,0.18,49.44,2.9,98.73,108.5,108.6
22137750,0.18,49.97,2.8,98.73,107.2,107.3
22362625,0.18,50.50,2.8,98.73,106.0,106.0
22587500,0.18,51.03,2.7,98.73,104.7,104.7
22812375,0.18,51.55,2.7,98.73,103.5,103.5
23037250,0.18,52.26,2.6,98.73,101.9,101.9
23262125,0.18,52.79,2.6,98.73,100.7,100.7
23487000,0.18,53.31,2.5,98.73,99.5,99.6
23711875,0.18,53.84,2.5,98.73,98.4,98.4
23936750,0.18,54.37,2.4,98.73,97.3,97.3
24161625,0.18,54.90,2.4,98.73,96.2,96.2
24386500,0.18,55.43,2.3,98.73,95.1,95.2
24611375,0.18,55.95,2.3,98.73,94.1,94.1
24836250,0.18,56.48,2.3,98.73,93.0,93.1
25061125,0.18,57.01,2.2,98.73,92.0,92.1
25286000,0.18,57.54,2.2,98.73,91.0,91.1
25510875,0.18,58.06,2.1,98.73,90.0,90.1
25735750,0.18,58.59,2.1,98.73,89.1,89.1
25960625,0.18,59.12,2.1,98.73,88.1,88.1
26185500,0.18,59.65,2.0,98.73,87.2,87.2
26410375,0.18,60.35,2.0,98.73,86.0,86.0
26635250,0.23,60.88,2.6,74.05,85.0,85.1
26860125,0.23,61.41,2.6,74.05,84.1,84.2
27085000,0.29,61.94,3.2,59.24,83.2,83.3
27309875,0.29,62.46,3.1,59.24,82.4,82.4
27534750,0.29,62.99,3.1,59.24,81.5,81.6
27759625,0.29,63.52,3.0,59.24,80.7,80.7
27984500,0.23,64.22,2.4,74.05,79.6,79.7
28209375,0.23,64.75,2.4,74.05,78.8,78.8
28434250,0.29,65.28,2.9,59.24,78.0,78.0
28659125,0.23,65.63,2.3,74.05,77.5,77.5
28884000,0.23,66.16,2.3,74.05,76.7,76.7
29108875,0.23,66.86,2.2,74.05,75.7,75.7
29333750,0.23,67.21,2.2,74.05,75.2,75.2
29558625,0.23,67.74,2.2,74.05,74.4,74.5
29783500,0.23,68.09,2.2,74.05,74.0,74.0
30008375,0.23,68.62,2.1,74.05,73.2,73.3
30233250,0.29,69.15,2.6,59.24,72.5,72.5
30458125,0.29,69.68,2.6,59.24,71.8,71.8
30683000,0.29,70.21,2.6,59.24,71.1,71.1
30907875,0.29,70.73,2.5,59.24,70.4,70.4
31132750,0.29,71.26,2.5,59.24,69.7,69.7
31357625,0.29,71.79,2.5,59.24,69.0,69.1
31582500,0.29,72.32,2.4,59.24,68.4,68.4
31807375,0.35,72.84,2.9,49.37,67.7,67.7
32032250,0.35,73.37,2.8,49.37,67.0,67.1
32257125,0.41,73.90,3.3,42.32,66.4,66.5
32482000,0.41,74.60,3.2,42.32,65.5,65.6
32706875,0.41,75.13,3.2,42.32,64.9,65.0
32931750,0.41,75.66,3.1,42.32,64.3,64.4
33156625,0.41,76.19,3.1,42.32,63.7,63.8
33381500,0.41,76.72,3.1,42.32,63.1,63.2
33606375,0.41,77.24,3.0,42.32,62.5,62.6
33831250,0.41,77.77,3.0,42.32,61.9,62.0
34056125,0.41,78.30,3.0,42.32,61.3,61.4
34281000,0.47,78.83,3.3,37.03,60.7,60.8
34505875,0.47,79.35,3.3,37.03,60.2,60.3
34730750,0.47,80.06,3.3,37.03,59.4,59.5
34955625,0.47,80.59,3.2,37.03,58.9,59.0
35180500,0.47,81.11,3.2,37.03,58.3,58.4
35405375,0.47,81.64,3.2,37.03,57.8,57.9
35630250,0.47,82.17,3.1,37.03,57.2,57.3
35855125,0.47,82.70,3.1,37.03,56.7,56.8
36080000,0.47,83.23,3.1,37.03,56.2,56.3
36304875,0.47,83.75,3.0,37.03,55.7,55.8
36529750,0.47,84.28,3.0,37.03,55.2,55.2
36754625,0.47,84.81,3.0,37.03,54.7,54.7
36979500,0.47,85.51,2.9,37.03,54.0,54.1
37204375,0.53,86.04,3.3,32.92,53.5,53.6
37429250,0.53,86.57,3.2,32.92,53.0,53.1
37654125,0.53,87.10,3.2,32.92,52.5,52.6
37879000,0.53,87.62,3.2,32.92,52.0,52.1
38103875,0.53,88.15,3.1,32.92,51.5,51.6
38328750,0.53,88.68,3.1,32.92,51.1,51.2
38553625,0.53,89.21,3.1,32.92,50.6,50.7
38778500,0.53,89.91,3.0,32.92,50.0,50.1
39003375,0.53,90.44,3.0,32.92,49.5,49.6
39228250,0.53,90.97,3.0,32.92,49.1,49.2
39453125,0.53,91.50,3.0,32.92,48.6,48.7
39678000,0.53,92.02,2.9,32.92,48.2,48.3
39902875,0.59,92.55,3.2,29.63,47.7,47.8
40127750,0.59,93.08,3.2,29.63,47.3,47.4
40352625,0.59,93.61,3.2,29.63,46.8,47.0
40577500,0.59,94.13,3.1,29.63,46.4,46.5
40802375,0.59,94.66,3.1,29.63,46.0,46.1
41027250,0.59,95.37,3.1,29.63,45.4,45.5
41252125,0.59,95.89,3.1,29.63,45.0,45.1
41477000,0.59,96.42,3.0,29.63,44.6,44.7
41701875,0.59,96.95,3.0,29.63,44.2,44.3
41926750,0.59,97.48,3.0,29.63,43.8,43.9
42151625,0.59,98.01,3.0,29.63,43.4,43.5
42376500,0.65,98.53,3.2,26.94,43.0,43.1
42601375,0.65,99.06,3.2,26.94,42.6,42.7
42826250,0.65,99.59,3.2,26.94,42.2,42.3
43051125,0.65,100.12,3.2,26.94,41.8,41.9
43276000,0.70,100.82,3.4,24.70,41.2,41.4
43500875,0.70,101.35,3.4,24.70,40.8,41.0
43725750,0.70,101.88,3.4,24.70,40.5,40.6
43950625,0.70,102.40,3.3,24.70,40.1,40.2
44175500,0.70,102.93,3.3,24.70,39.7,39.9
44400375,0.70,103.46,3.3,24.70,39.3,39.5
44625250,0.70,103.99,3.3,24.70,39.0,39.1
44850125,0.76,104.52,3.5,22.80,38.6,38.7
45075000,0.76,105.04,3.5,22.80,38.2,38.4
45299875,0.76,105.57,3.5,22.80,37.9,38.0
45524750,0.76,106.10,3.4,22.80,37.5,37.7
45749625,0.76,106.80,3.4,22.80,37.0,37.2
45974500,0.76,107.33,3.4,22.80,36.7,36.8
46199375,0.76,107.86,3.4,22.80,36.3,36.5
46424250,0.76,108.39,3.3,22.80,36.0,36.1
46649125,0.76,108.91,3.3,22.80,35.6,35.8
46874000,0.76,109.44,3.3,22.80,35.3,35.4
47098875,0.82,109.97,3.5,21.17,34.9,35.1
47323750,0.82,110.50,3.5,21.17,34.6,34.7
47548625,0.82,111.20,3.5,21.17,34.1,34.3
47773500,0.82,111.73,3.4,21.17,33.8,34.0
47998375,0.82,112.26,3.4,21.17,33.5,33.6
48223250,0.82,112.79,3.4,21.17,33.1,33.3
48448125,0.82,113.31,3.4,21.17,32.8,33.0
48673000,0.82,113.84,3.4,21.17,32.5,32.6
48897875,0.82,114.37,3.3,21.17,32.1,32.3
49122750,0.82,114.90,3.3,21.17,31.8,32.0
49347625,0.82,115.60,3.3,21.17,31.4,31.6
49572500,0.82,116.13,3.3,21.17,31.1,31.2
49797375,0.82,116.66,3.3,21.17,30.8,30.9
50022250,0.82,117.18,3.2,21.17,30.4,30.6
50247125,0.82,117.71,3.2,21.17,30.1,30.3
50472000,0.94,118.06,3.7,18.53,29.9,30.1
50696875,0.94,118.59,3.6,18.53,29.6,29.8
50921750,0.88,119.12,3.4,19.76,29.3,29.5
51146625,0.88,119.65,3.4,19.76,29.0,29.2
51371500,0.88,120.18,3.4,19.76,28.7,28.9
51596375,0.88,120.70,3.3,19.76,28.4,28.6
51821250,0.94,121.23,3.6,18.53,28.0,28.3
52046125,0.94,121.76,3.5,18.53,27.7,28.0
52271000,0.94,122.46,3.5,18.53,27.3,27.6
52495875,0.94,122.99,3.5,18.53,27.1,27.3
52720750,0.94,123.52,3.5,18.53,26.8,27.0
52945625,1.00,124.05,3.7,17.44,26.4,26.7
53170500,1.00,124.57,3.7,17.44,26.2,26.4
53395375,1.00,125.10,3.6,17.44,25.9,26.1
53620250,1.06,125.63,3.8,16.48,25.6,25.8
53845125,1.00,126.16,3.6,17.44,25.3,25.5
54070000,1.00,126.69,3.6,17.44,25.0,25.3
54294875,1.06,127.39,3.8,16.48,24.6,24.9
54519750,1.06,127.92,3.8,16.48,24.3,24.6
54744625,1.06,128.45,3.7,16.48,24.0,24.3
54969500,1.11,128.97,3.9,15.61,23.7,24.1
55194375,1.11,129.50,3.9,15.61,23.5,23.8
55419250,1.11,130.03,3.9,15.61,23.2,23.5
55644125,1.11,130.56,3.9,15.61,22.9,23.2
55869000,1.11,131.09,3.9,15.61,22.6,23.0
56093875,1.06,131.79,3.6,16.48,22.3,22.6
56318750,1.11,132.32,3.8,15.61,22.0,22.3
56543625,1.11,132.84,3.8,15.61,21.7,22.0
56768500,1.11,133.37,3.8,15.61,21.4,21.8
56993375,1.17,133.90,4.0,14.83,21.2,21.5
57218250,1.17,134.43,4.0,14.83,20.9,21.3
57443125,1.17,134.96,3.9,14.83,20.6,21.0
57668000,1.17,135.48,3.9,14.83,20.4,20.7
57892875,1.17,136.01,3.9,14.83,20.1,20.5
58117750,1.17,136.54,3.9,14.83,19.8,20.2
58342625,1.17,137.24,3.9,14.83,19.5,19.9
58567500,1.17,137.77,3.9,14.83,19.2,19.6
58792375,1.23,138.30,4.0,14.13,18.9,19.4
59017250,1.23,138.83,4.0,14.13,18.7,19.1
59242125,1.23,139.35,4.0,14.13,18.4,18.8
59467000,1.23,139.88,4.0,14.13,18.2,18.6
59691875,1.23,140.41,4.0,14.13,17.9,18.3
59916750,1.23,140.94,4.0,14.13,17.6,18.1
60141625,1.29,141.47,4.2,13.49,17.4,17.9
60366500,1.29,142.17,4.1,13.49,17.0,17.5
60591375,1.29,142.70,4.1,13.49,16.8,17.3
60816250,1.29,143.23,4.1,13.49,16.5,17.0
61041125,1.29,143.75,4.1,13.49,16.3,16.8
61266000,1.29,144.28,4.1,13.49,16.0,16.5
61490875,1.29,144.99,4.1,13.49,15.7,16.2
61715750,1.29,145.51,4.1,13.49,15.4,16.0
61940625,1.29,146.04,4.1,13.49,15.2,15.7
62165500,1.29,146.57,4.0,13.49,14.9,15.5
62390375,1.29,147.10,4.0,13.49,14.7,15.2
62615250,1.29,147.62,4.0,13.49,14.4,15.0
62840125,1.35,148.15,4.2,12.90,14.2,14.8
63065000,1.35,148.68,4.2,12.90,13.9,14.5
63289875,1.35,149.21,4.2,12.90,13.7,14.3
63514750,1.35,149.74,4.2,12.90,13.4,14.1
63739625,1.35,150.26,4.1,12.90,13.2,13.8
63964500,1.35,150.97,4.1,12.90,12.9,13.5
64189375,1.35,151.50,4.1,12.90,12.6,13.3
64414250,1.35,152.02,4.1,12.90,12.4,13.0
64639125,1.35,152.55,4.1,12.90,12.1,12.8
64864000,1.35,153.08,4.1,12.90,11.9,12.6
65088875,1.35,153.61,4.1,12.90,11.6,12.3
65313750,1.35,154.13,4.1,12.90,11.4,12.1
65538625,1.41,154.66,4.2,12.37,11.2,11.9
65763500,1.41,155.19,4.2,12.37,10.9,11.7
65988375,1.41,155.89,4.2,12.37,10.6,11.4
66213250,1.41,156.42,4.2,12.37,10.4,11.2
66438125,1.41,156.95,4.2,12.37,10.1,11.0
66663000,1.41,157.48,4.2,12.37,9.9,10.7
66887875,1.41,158.01,4.2,12.37,9.7,10.5
67112750,1.41,158.53,4.2,12.37,9.4,10.3
67337625,1.41,159.06,4.2,12.37,9.2,10.1
67562500,1.41,159.59,4.2,12.37,8.9,9.9
67787375,1.41,160.12,4.2,12.37,8.7,9.7
68012250,1.47,160.65,4.3,11.88,8.5,9.5
68237125,1.47,161.17,4.3,11.88,8.2,9.3
68462000,1.47,161.70,4.3,11.88,8.0,9.1
68686875,1.47,162.40,4.3,11.88,7.7,8.8
68911750,1.41,162.93,4.1,12.37,7.5,8.5
69136625,1.47,163.46,4.3,11.88,7.2,8.4
69361500,1.47,163.99,4.3,11.88,7.0,8.2
69586375,1.47,164.52,4.3,11.88,6.7,8.0
69811250,1.47,165.04,4.3,11.88,6.5,7.8
70036125,1.47,165.57,4.3,11.88,6.3,7.6
70261000,1.47,166.10,4.3,11.88,6.1,7.4
70485875,1.47,166.63,4.3,11.88,5.8,7.2
70710750,1.47,167.16,4.3,11.88,5.6,7.0
70935625,1.47,167.68,4.3,11.88,5.4,6.8
71160500,1.47,168.21,4.3,11.88,5.1,6.7
71385375,1.47,168.74,4.3,11.88,4.9,6.5
71610250,1.47,169.27,4.2,11.88,4.7,6.3
71835125,1.47,169.79,4.2,11.88,4.4,6.1
72060000,1.47,170.32,4.2,11.88,4.2,6.0
72284875,1.47,170.85,4.2,11.88,4.0,5.8
72509750,1.47,171.38,4.2,11.88,3.7,5.7
72734625,1.47,171.91,4.2,11.88,3.5,5.5
72959500,1.47,172.43,4.2,11.88,3.3,5.4
73184375,1.47,172.96,4.2,11.88,3.1,5.2
73409250,1.47,173.49,4.2,11.88,2.8,5.1
73634125,1.47,174.02,4.2,11.88,2.6,5.0
73859000,1.52,174.55,4.4,11.42,2.4,5.0
74083875,1.47,175.07,4.2,11.88,2.1,4.7
74308750,1.52,175.60,4.4,11.42,1.9,4.8
74533625,1.52,176.13,4.4,11.42,1.7,4.7
74758500,1.52,176.66,4.4,11.42,1.4,4.6
74983375,1.52,177.18,4.4,11.42,1.2,4.5
75208250,1.52,177.71,4.4,11.42,1.0,4.5
75433125,1.52,178.24,4.4,11.42,0.8,4.4
75658000,1.52,178.77,4.4,11.42,0.5,4.4
75882875,1.52,179.12,4.4,11.42,0.4,4.4
76107750,1.52,179.65,4.4,11.42,0.2,4.4
76332625,1.52,180.00,4.4,11.42,0.0,4.4
76557500,1.52,180.00,4.4,11.42,0.0,4.4
76782375,1.52,180.00,4.4,11.42,0.0,4.4
77007250,1.52,180.00,4.4,11.42,0.0,4.4
77232125,1.52,180.00,4.4,11.42,0.0,4.4
77457000,1.52,180.00,4.4,11.42,0.0,4.4
77681875,1.52,180.00,4.4,11.42,0.0,4.4
77906750,1.52,180.00,4.4,11.42,0.0,4.4
78131625,1.52,180.00,4.4,11.42,0.0,4.4
78356500,1.52,180.00,4.4,11.42,0.0,4.4
78581375,1.52,180.00,4.4,11.42,0.0,4.4
78806250,1.52,179.82,4.4,11.42,0.1,4.4
79031125,1.52,179.30,4.4,11.42,0.3,4.4
79256000,1.52,178.77,4.4,11.42,0.5,4.4
79480875,1.52,178.42,4.4,11.42,0.7,4.4
79705750,1.52,177.89,4.4,11.42,0.9,4.5
79930625,1.52,177.36,4.4,11.42,1.1,4.5
80155500,1.52,176.83,4.4,11.42,1.4,4.6
80380375,1.52,176.30,4.4,11.42,1.6,4.7
80605250,1.52,175.95,4.4,11.42,1.8,4.7
80830125,1.52,175.43,4.4,11.42,2.0,4.8
81055000,1.52,174.90,4.4,11.42,2.2,4.9
81279875,1.52,174.37,4.4,11.42,2.4,5.0
81504750,1.52,173.84,4.4,11.42,2.7,5.1
81729625,1.52,173.31,4.4,11.42,2.9,5.3
81954500,1.52,172.79,4.4,11.42,3.1,5.4
82179375,1.52,172.26,4.4,11.42,3.4,5.5
82404250,1.52,171.91,4.4,11.42,3.5,5.6
82629125,1.52,171.38,4.4,11.42,3.7,5.8
82854000,1.52,170.85,4.4,11.42,4.0,5.9
83078875,1.52,170.32,4.4,11.42,4.2,6.1
83303750,1.52,169.79,4.4,11.42,4.4,6.3
83528625,1.52,169.44,4.4,11.42,4.6,6.4
83753500,1.52,168.91,4.4,11.42,4.8,6.5
83978375,1.52,168.39,4.4,11.42,5.0,6.7
84203250,1.52,167.86,4.4,11.42,5.3,6.9
84428125,1.52,167.33,4.4,11.42,5.5,7.1
84653000,1.52,166.98,4.4,11.42,5.7,7.2
84877875,1.52,166.45,4.4,11.42,5.9,7.4
85102750,1.52,165.92,4.4,11.42,6.1,7.6
85327625,1.52,165.40,4.4,11.42,6.4,7.8
85552500,1.52,164.87,4.5,11.42,6.6,8.0
85777375,1.52,164.52,4.5,11.42,6.7,8.1
86002250,1.52,163.99,4.5,11.42,7.0,8.3
86227125,1.52,163.46,4.5,11.42,7.2,8.5
86452000,1.52,162.93,4.5,11.42,7.4,8.7
86676875,1.52,162.58,4.5,11.42,7.6,8.8
86901750,1.52,162.05,4.5,11.42,7.8,9.0
87126625,1.52,161.52,4.5,11.42,8.1,9.2
87351500,1.52,161.00,4.5,11.42,8.3,9.4
87576375,1.52,160.65,4.5,11.42,8.5,9.6
87801250,1.52,160.12,4.5,11.42,8.7,9.8
88026125,1.47,159.59,4.3,11.88,8.9,9.9
88251000,1.52,159.24,4.5,11.42,9.1,10.2
88475875,1.47,158.71,4.4,11.88,9.3,10.3
88700750,1.52,158.36,4.5,11.42,9.5,10.5
88925625,1.47,157.83,4.4,11.88,9.7,10.7
89150500,1.52,157.30,4.6,11.42,10.0,10.9
89375375,1.47,156.95,4.4,11.88,10.1,11.0
89600250,1.47,156.42,4.4,11.88,10.4,11.3
89825125,1.47,155.89,4.4,11.88,10.6,11.5
90050000,1.47,155.54,4.4,11.88,10.8,11.6
90274875,1.47,155.01,4.4,11.88,11.0,11.8
90499750,1.47,154.66,4.4,11.88,11.2,12.0
90724625,1.47,154.13,4.4,11.88,11.4,12.2
90949500,1.47,153.61,4.4,11.88,11.6,12.5
91174375,1.47,153.26,4.4,11.88,11.8,12.6
91399250,1.47,152.73,4.5,11.88,12.0,12.8
91624125,1.47,152.20,4.5,11.88,12.3,13.1
91849000,1.47,151.85,4.5,11.88,12.4,13.2
92073875,1.47,151.32,4.5,11.88,12.7,13.5
92298750,1.47,150.79,4.5,11.88,12.9,13.7
92523625,1.47,150.44,4.5,11.88,13.1,13.8
92748500,1.47,150.09,4.5,11.88,13.3,14.0
92973375,1.47,149.56,4.5,11.88,13.5,14.2
93198250,1.47,149.03,4.5,11.88,13.7,14.5
93423125,1.47,148.68,4.5,11.88,13.9,14.6
93648000,1.47,148.15,4.6,11.88,14.2,14.9
93872875,1.47,147.62,4.6,11.88,14.4,15.1
94097750,1.47,147.27,4.6,11.88,14.6,15.3
94322625,1.47,146.74,4.6,11.88,14.8,15.5
94547500,1.47,146.39,4.6,11.88,15.0,15.7
94772375,1.47,145.87,4.6,11.88,15.2,15.9
94997250,1.47,145.51,4.6,11.88,15.4,16.1
95222125,1.47,144.99,4.6,11.88,15.6,16.3
95447000,1.41,144.63,4.5,12.37,15.8,16.4
95671875,1.41,144.11,4.5,12.37,16.1,16.7
95896750,1.41,143.58,4.5,12.37,16.3,16.9
96121625,1.41,143.23,4.5,12.37,16.5,17.1
96346500,1.41,142.70,4.5,12.37,16.8,17.3
96571375,1.41,142.35,4.5,12.37,16.9,17.5
96796250,1.41,141.82,4.5,12.37,17.2,17.8
97021125,1.41,141.47,4.5,12.37,17.3,17.9
97246000,1.41,140.94,4.5,12.37,17.6,18.2
97470875,1.41,140.59,4.6,12.37,17.8,18.4
97695750,1.41,140.06,4.6,12.37,18.0,18.6
97920625,1.41,139.71,4.6,12.37,18.2,18.8
98145500,1.41,139.35,4.6,12.37,18.4,18.9
98370375,1.41,138.83,4.6,12.37,18.6,19.2
98595250,1.41,138.30,4.6,12.37,18.9,19.5
98820125,1.41,137.95,4.6,12.37,19.1,19.6
99045000,1.41,137.60,4.6,12.37,19.3,19.8
99269875,1.41,137.07,4.7,12.37,19.5,20.1
99494750,1.41,136.72,4.7,12.37,19.7,20.2
99719625,1.35,136.19,4.5,12.90,20.0,20.5
99944500,1.35,135.84,4.5,12.90,20.1,20.6
100169375,1.35,135.31,4.5,12.90,20.4,20.9
100394250,1.35,134.96,4.5,12.90,20.6,21.1
100619125,1.35,134.60,4.5,12.90,20.8,21.3
100844000,1.35,134.08,4.6,12.90,21.0,21.5
101068875,1.41,133.72,4.8,12.37,21.2,21.7
101293750,1.41,133.37,4.8,12.37,21.4,21.9
101518625,1.41,132.84,4.8,12.37,21.7,22.2
101743500,1.41,132.49,4.8,12.37,21.8,22.4
101968375,1.41,132.14,4.8,12.37,22.0,22.5
102193250,1.41,131.61,4.9,12.37,22.3,22.8
102418125,1.41,131.26,4.9,12.37,22.5,23.0
102643000,1.41,130.73,4.9,12.37,22.7,23.3
102867875,1.41,130.38,4.9,12.37,22.9,23.4
103092750,1.41,130.03,4.9,12.37,23.1,23.6
103317625,1.41,129.50,4.9,12.37,23.4,23.9
103542500,1.41,129.15,4.9,12.37,23.6,24.1
103767375,1.41,128.80,5.0,12.37,23.8,24.3
103992250,1.41,128.27,5.0,12.37,24.0,24.6
104217125,1.41,127.92,5.0,12.37,24.2,24.7
104442000,1.41,127.57,5.0,12.37,24.4,24.9
104666875,1.41,127.04,5.0,12.37,24.7,25.2
104891750,1.41,126.69,5.1,12.37,24.9,25.4
105116625,1.35,126.33,4.9,12.90,25.1,25.6
105341500,1.35,125.98,4.9,12.90,25.3,25.8
105566375,1.35,125.45,4.9,12.90,25.6,26.0
105791250,1.35,125.10,4.9,12.90,25.8,26.2
106016125,1.35,124.75,4.9,12.90,26.0,26.4
106241000,1.35,124.40,4.9,12.90,26.2,26.6
106465875,1.35,124.05,5.0,12.90,26.4,26.8
106690750,1.35,123.52,5.0,12.90,26.6,27.1
106915625,1.35,123.17,5.0,12.90,26.8,27.3
107140500,1.35,122.82,5.0,12.90,27.0,27.5
107365375,1.35,122.46,5.0,12.90,27.2,27.7
107590250,1.35,121.94,5.1,12.90,27.5,28.0
107815125,1.35,121.58,5.1,12.90,27.7,28.2
108040000,1.41,121.23,5.3,12.37,27.9,28.4
108264875,1.35,120.88,5.1,12.90,28.1,28.6
108489750,1.41,120.53,5.4,12.37,28.3,28.8
108714625,1.41,120.18,5.4,12.37,28.5,29.0
108939500,1.41,119.65,5.4,12.37,28.8,29.3
109164375,1.41,119.30,5.4,12.37,29.0,29.5
109389250,1.35,118.94,5.2,12.90,29.2,29.7
109614125,1.41,118.59,5.5,12.37,29.4,29.9
109839000,1.35,118.24,5.2,12.90,29.7,30.1
110063875,1.35,117.89,5.3,12.90,29.9,30.3
110288750,1.35,117.54,5.3,12.90,30.1,30.5
110513625,1.35,117.01,5.3,12.90,30.4,30.8
110738500,1.35,116.66,5.3,12.90,30.6,31.1
110963375,1.35,116.30,5.4,12.90,30.8,31.3
111188250,1.35,115.95,5.4,12.90,31.0,31.5
111413125,1.35,115.60,5.4,12.90,31.2,31.7
111638000,1.35,115.25,5.4,12.90,31.4,31.9
111862875,1.35,114.72,5.5,12.90,31.8,32.2
112087750,1.35,114.37,5.5,12.90,32.0,32.4
112312625,1.35,114.02,5.5,12.90,32.2,32.6
112537500,1.35,113.67,5.5,12.90,32.4,32.9
112762375,1.35,113.31,5.5,12.90,32.6,33.1
112987250,1.35,112.96,5.6,12.90,32.8,33.3
113212125,1.35,112.61,5.6,12.90,33.1,33.5
113437000,1.35,112.26,5.6,12.90,33.3,33.7
113661875,1.29,111.91,5.4,13.49,33.5,33.9
113886750,1.29,111.55,5.4,13.49,33.7,34.2
114111625,1.29,111.20,5.4,13.49,34.0,34.4
114336500,1.29,110.85,5.5,13.49,34.2,34.6
114561375,1.29,110.32,5.5,13.49,34.5,35.0
114786250,1.29,109.97,5.5,13.49,34.7,35.2
115011125,1.35,109.62,5.8,12.90,34.9,35.4
115236000,1.35,109.44,5.8,12.90,35.1,35.5
115460875,1.35,109.09,5.8,12.90,35.3,35.8
115685750,1.35,108.56,5.9,12.90,35.6,36.1
115910625,1.35,108.21,5.9,12.90,35.9,36.3
116135500,1.35,107.86,5.9,12.90,36.1,36.6
116360375,1.35,107.68,5.9,12.90,36.2,36.7
116585250,1.35,107.16,6.0,12.90,36.6,37.0
116810125,1.35,106.80,6.0,12.90,36.8,37.3
117035000,1.35,106.63,6.0,12.90,36.9,37.4
117259875,1.35,106.28,6.0,12.90,37.1,37.6
117484750,1.35,105.75,6.1,12.90,37.5,38.0
117709625,1.35,105.40,6.1,12.90,37.7,38.2
117934500,1.29,105.04,5.9,13.49,38.0,38.5
118159375,1.29,104.69,5.9,13.49,38.2,38.7
118384250,1.29,104.34,5.9,13.49,38.5,38.9
118609125,1.29,103.99,6.0,13.49,38.7,39.2
118834000,1.29,103.81,6.0,13.49,38.8,39.3
119058875,1.29,103.46,6.0,13.49,39.1,39.6
119283750,1.29,103.11,6.0,13.49,39.3,39.8
119508625,1.29,102.76,6.1,13.49,39.6,40.0
119733500,1.29,102.40,6.1,13.49,39.8,40.3
119958375,1.29,102.05,6.1,13.49,40.1,40.5
120183250,1.29,101.70,6.1,13.49,40.3,40.8
120408125,1.29,101.35,6.2,13.49,40.6,41.1
120633000,1.29,101.00,6.2,13.49,40.8,41.3
120857875,1.29,100.65,6.2,13.49,41.1,41.6
121082750,1.29,100.29,6.3,13.49,41.3,41.8
121307625,1.23,99.94,6.0,14.13,41.6,42.1
121532500,1.23,99.59,6.0,14.13,41.9,42.3
121757375,1.23,99.24,6.1,14.13,42.2,42.6
121982250,1.23,98.89,6.1,14.13,42.4,42.9
122207125,1.23,98.53,6.1,14.13,42.7,43.1
122432000,1.23,98.36,6.2,14.13,42.8,43.3
122656875,1.29,98.01,6.5,13.49,43.0,43.5
122881750,1.23,97.65,6.2,14.13,43.3,43.8
123106625,1.23,97.30,6.3,14.13,43.6,44.1
123331500,1.23,96.95,6.3,14.13,43.9,44.3
123556375,1.23,96.60,6.3,14.13,44.2,44.6
123781250,1.17,96.25,6.1,14.83,44.5,44.9
124006125,1.23,96.07,6.4,14.13,44.6,45.0
124231000,1.23,95.72,6.4,14.13,44.8,45.3
124455875,1.23,95.37,6.4,14.13,45.1,45.6
124680750,1.23,95.01,6.5,14.13,45.4,45.8
124905625,1.23,94.66,6.5,14.13,45.7,46.1
125130500,1.23,94.31,6.6,14.13,45.9,46.4
125355375,1.17,94.13,6.3,14.83,46.1,46.5
125580250,1.17,93.78,6.3,14.83,46.4,46.8
125805125,1.17,93.43,6.3,14.83,46.7,47.1
126030000,1.17,93.08,6.4,14.83,47.0,47.4
126254875,1.17,92.90,6.4,14.83,47.1,47.6
126479750,1.17,92.55,6.4,14.83,47.4,47.8
126704625,1.17,92.20,6.5,14.83,47.7,48.1
126929500,1.17,91.85,6.5,14.83,48.0,48.4
127154375,1.17,91.50,6.5,14.83,48.3,48.7
127379250,1.11,91.32,6.2,15.61,48.5,48.9
127604125,1.11,90.97,6.3,15.61,48.8,49.2
127829000,1.11,90.62,6.3,15.61,49.1,49.5
128053875,1.11,90.26,6.4,15.61,49.4,49.8
128278750,1.11,90.09,6.4,15.61,49.5,49.9
128503625,1.11,89.74,6.4,15.61,49.8,50.2
128728500,1.11,89.38,6.4,15.61,50.1,50.5
128953375,1.11,89.03,6.5,15.61,50.4,50.8
129178250,1.11,88.86,6.5,15.61,50.6,51.0
129403125,1.06,88.50,6.2,16.48,50.9,51.3
129628000,1.06,88.15,6.2,16.48,51.2,51.6
129852875,1.06,87.80,6.3,16.48,51.6,51.9
130077750,1.06,87.45,6.3,16.48,51.9,52.3
130302625,1.06,87.27,6.3,16.48,52.0,52.4
130527500,1.06,86.92,6.4,16.48,52.4,52.7
130752375,1.06,86.57,6.4,16.48,52.7,53.1
130977250,1.06,86.39,6.5,16.48,52.8,53.2
131202125,1.00,86.04,6.1,17.44,53.2,53.6
131427000,1.00,85.69,6.2,17.44,53.5,53.9
131651875,1.00,85.51,6.2,17.44,53.7,54.0
131876750,1.00,85.16,6.2,17.44,54.0,54.4
132101625,1.00,84.81,6.3,17.44,54.4,54.7
132326500,1.00,84.46,6.3,17.44,54.7,55.1
132551375,1.00,84.28,6.3,17.44,54.9,55.2
132776250,1.00,83.93,6.4,17.44,55.2,55.6
133001125,0.94,83.58,6.1,18.53,55.6,55.9
133226000,0.94,83.23,6.1,18.53,55.9,56.3
133450875,0.94,83.05,6.1,18.53,56.1,56.4
133675750,0.94,82.70,6.2,18.53,56.4,56.8
133900625,0.94,82.52,6.2,18.53,56.6,56.9
134125500,0.94,82.17,6.2,18.53,57.0,57.3
134350375,0.94,81.82,6.3,18.53,57.3,57.7
134575250,0.88,81.64,5.9,19.76,57.5,57.8
134800125,0.88,81.29,5.9,19.76,57.9,58.2
135025000,0.88,81.11,6.0,19.76,58.1,58.4
135249875,0.94,80.76,6.4,18.53,58.4,58.7
135474750,0.94,80.41,6.4,18.53,58.7,59.1
135699625,0.94,80.23,6.5,18.53,58.9,59.3
135924500,0.94,79.88,6.5,18.53,59.3,59.6
136149375,0.88,79.53,6.2,19.76,59.7,60.0
136374250,0.94,79.35,6.6,18.53,59.8,60.2
136599125,0.88,79.00,6.2,19.76,60.3,60.6
136824000,0.88,78.83,6.3,19.76,60.5,60.8
137048875,0.88,78.48,6.3,19.76,60.8,61.2
137273750,0.88,78.30,6.3,19.76,61.0,61.4
137498625,0.88,77.95,6.4,19.76,61.4,61.7
137723500,0.88,77.60,6.4,19.76,61.8,62.1
137948375,0.88,77.42,6.4,19.76,62.0,62.3
138173250,0.88,77.07,6.5,19.76,62.4,62.7
138398125,0.82,76.89,6.1,21.17,62.6,62.9
138623000,0.82,76.54,6.1,21.17,63.0,63.3
138847875,0.82,76.36,6.2,21.17,63.2,63.5
139072750,0.82,76.01,6.2,21.17,63.6,63.9
139297625,0.82,75.84,6.2,21.17,63.8,64.1
139522500,0.82,75.66,6.3,21.17,64.0,64.3
139747375,0.82,75.31,6.3,21.17,64.4,64.7
139972250,0.82,75.13,6.3,21.17,64.6,64.9
140197125,0.82,74.78,6.4,21.17,65.0,65.3
140422000,0.76,74.43,6.0,22.80,65.5,65.8
140646875,0.76,74.25,6.0,22.80,65.7,66.0
140871750,0.76,73.90,6.0,22.80,66.1,66.4
141096625,0.76,73.72,6.1,22.80,66.3,66.6
141321500,0.76,73.37,6.1,22.80,66.8,67.0
141546375,0.76,73.20,6.1,22.80,67.0,67.2
141771250,0.76,73.02,6.2,22.80,67.2,67.5
141996125,0.76,72.67,6.2,22.80,67.6,67.9
142221000,0.70,72.49,5.8,24.70,67.9,68.1
142445875,0.70,72.14,5.8,24.70,68.3,68.6
142670750,0.70,71.96,5.8,24.70,68.5,68.8
142895625,0.70,71.79,5.9,24.70,68.8,69.0
143120500,0.70,71.44,5.9,24.70,69.2,69.5
143345375,0.70,71.26,5.9,24.70,69.4,69.7
143570250,0.70,71.09,6.0,24.70,69.6,69.9
143795125,0.70,70.73,6.0,24.70,70.1,70.4
144020000,0.70,70.56,6.0,24.70,70.3,70.6
144244875,0.70,70.21,6.1,24.70,70.8,71.0
144469750,0.65,70.03,5.6,26.94,71.1,71.3
144694625,0.70,69.85,6.2,24.70,71.2,71.5
144919500,0.65,69.50,5.7,26.94,71.8,72.0
145144375,0.65,69.33,5.7,26.94,72.0,72.2
145369250,0.65,68.97,5.8,26.94,72.5,72.7
145594125,0.65,68.80,5.8,26.94,72.7,72.9
145819000,0.65,68.62,5.8,26.94,73.0,73.2
146043875,0.65,68.27,5.9,26.94,73.4,73.7
146268750,0.65,68.09,5.9,26.94,73.7,73.9
146493625,0.65,67.74,6.0,26.94,74.2,74.4
146718500,0.65,67.57,6.0,26.94,74.4,74.6
146943375,0.65,67.39,6.0,26.94,74.7,74.9
147168250,0.65,67.04,6.1,26.94,75.1,75.4
147393125,0.65,66.86,6.1,26.94,75.4,75.6
147618000,0.59,66.69,5.6,29.63,75.7,75.9
147842875,0.59,66.33,5.6,29.63,76.2,76.4
148067750,0.59,66.16,5.6,29.63,76.5,76.7
148292625,0.59,65.98,5.7,29.63,76.7,76.9
148517500,0.59,65.63,5.7,29.63,77.2,77.5
148742375,0.59,65.45,5.8,29.63,77.5,77.7
148967250,0.59,65.28,5.8,29.63,77.8,78.0
149192125,0.59,64.93,5.8,29.63,78.3,78.5
149417000,0.59,64.75,5.9,29.63,78.5,78.8
149641875,0.59,64.57,5.9,29.63,78.8,79.0
149866750,0.59,64.40,5.9,29.63,79.1,79.3
150091625,0.59,64.05,6.0,29.63,79.6,79.8
150316500,0.59,63.87,6.0,29.63,79.9,80.1
150541375,0.53,63.70,5.4,32.92,80.2,80.4
150766250,0.53,63.52,5.5,32.92,80.5,80.7
150991125,0.53,63.17,5.5,32.92,81.1,81.2
151216000,0.53,62.99,5.6,32.92,81.3,81.5
151440875,0.53,62.82,5.6,32.92,81.6,81.8
151665750,0.53,62.46,5.6,32.92,82.2,82.4
151890625,0.53,62.29,5.7,32.92,82.5,82.7
152115500,0.53,62.11,5.7,32.92,82.7,82.9
152340375,0.53,61.76,5.8,32.92,83.3,83.5
152565250,0.53,61.58,5.8,32.92,83.6,83.8
152790125,0.53,61.41,5.8,32.92,83.9,84.1
153015000,0.53,61.23,5.8,32.92,84.2,84.4
153239875,0.53,60.88,5.9,32.92,84.8,85.0
153464750,0.53,60.70,5.9,32.92,85.1,85.3
153689625,0.53,60.53,6.0,32.92,85.4,85.6
153914500,0.53,60.18,6.0,32.92,86.0,86.2
154139375,0.53,60.00,6.1,32.92,86.3,86.5
154364250,0.53,59.82,6.1,32.92,86.6,86.8
154589125,0.53,59.47,6.2,32.92,87.2,87.4
154814000,0.53,59.30,6.2,32.92,87.5,87.7
155038875,0.53,59.12,6.2,32.92,87.8,88.0
155263750,0.53,58.77,6.3,32.92,88.5,88.7
155488625,0.47,58.59,5.6,37.03,88.8,89.0
155713500,0.47,58.42,5.7,37.03,89.2,89.3
155938375,0.59,58.24,7.1,29.63,89.3,89.6
156163250,0.53,57.89,6.5,32.92,90.1,90.3
156388125,0.53,57.71,6.5,32.92,90.4,90.6
156613000,0.53,57.54,6.5,32.92,90.7,90.9
156837875,0.53,57.18,6.6,32.92,91.4,91.6
157062750,0.53,57.01,6.6,32.92,91.7,91.9
157287625,0.53,56.83,6.7,32.92,92.0,92.3
157512500,0.53,56.48,6.8,32.92,92.7,93.0
157737375,0.53,56.30,6.8,32.92,93.0,93.3
157962250,0.53,56.13,6.8,32.92,93.4,93.6
158187125,0.53,55.95,6.9,32.92,93.7,94.0
158412000,0.53,55.60,7.0,32.92,94.4,94.7
158636875,0.53,55.43,7.0,32.92,94.8,95.0
158861750,0.53,55.25,7.0,32.92,95.1,95.4
159086625,0.53,54.90,7.1,32.92,95.8,96.1
159311500,0.53,54.72,7.2,32.92,96.2,96.5
159536375,0.53,54.55,7.2,32.92,96.6,96.8
159761250,0.53,54.37,7.3,32.92,96.9,97.2
159986125,0.53,54.02,7.3,32.92,97.7,97.9
160211000,0.53,53.84,7.4,32.92,98.0,98.3
160435875,0.53,53.67,7.4,32.92,98.4,98.7
160660750,0.53,53.31,7.5,32.92,99.1,99.4
160885625,0.47,53.14,6.7,37.03,99.6,99.8
161110500,0.53,52.96,7.6,32.92,99.9,100.2
161335375,0.47,52.79,6.8,37.03,100.4,100.6
161560250,0.47,52.43,6.9,37.03,101.2,101.4
161785125,0.53,52.26,7.8,32.92,101.4,101.7
162010000,0.47,52.08,7.0,37.03,101.9,102.2
162234875,0.53,51.73,7.9,32.92,102.6,102.9
162459750,0.53,51.55,8.0,32.92,103.0,103.3
162684625,0.53,51.38,8.1,32.92,103.4,103.7
162909500,0.53,51.03,8.2,32.92,104.2,104.6
163134375,0.53,50.85,8.2,32.92,104.7,105.0
163359250,0.53,50.67,8.3,32.92,105.1,105.4
163584125,0.53,50.50,8.3,32.92,105.5,105.8
163809000,0.53,50.32,8.4,32.92,105.9,106.2
164033875,0.53,49.97,8.5,32.92,106.7,107.1
164258750,0.53,49.79,8.5,32.92,107.2,107.5
164483625,0.53,49.62,8.6,32.92,107.6,107.9
164708500,0.53,49.44,8.6,32.92,108.0,108.4
164933375,0.53,49.27,8.7,32.92,108.5,108.8
165158250,0.47,48.91,7.8,37.03,109.5,109.7
165383125,0.47,48.74,7.9,37.03,109.9,110.2
165608000,0.47,48.56,8.0,37.03,110.4,110.6
165832875,0.47,48.39,8.0,37.03,110.8,111.1
166057750,0.47,48.04,8.1,37.03,111.7,112.0
166282625,0.47,47.86,8.2,37.03,112.2,112.5
166507500,0.47,47.68,8.2,37.03,112.6,112.9
166732375,0.47,47.51,8.3,37.03,113.1,113.4
166957250,0.47,47.33,8.3,37.03,113.6,113.9
167182125,0.47,47.16,8.4,37.03,114.0,114.4
167407000,0.47,46.80,8.5,37.03,115.0,115.3
167631875,0.47,46.63,8.6,37.03,115.5,115.8
167856750,0.41,46.45,7.6,42.32,116.1,116.3
168081625,0.41,46.28,7.6,42.32,116.6,116.8
168306500,0.41,46.10,7.7,42.32,117.1,117.3
168531375,0.41,45.75,7.8,42.32,118.1,118.3
168756250,0.41,45.57,7.9,42.32,118.6,118.8
168981125,0.41,45.40,7.9,42.32,119.1,119.4
169206000,0.41,45.22,8.0,42.32,119.6,119.9
169430875,0.41,45.04,8.0,42.32,120.1,120.4
169655750,0.41,44.87,8.1,42.32,120.6,120.9
169880625,0.47,44.69,9.3,37.03,121.0,121.4
170105500,0.41,44.34,8.3,42.32,122.2,122.5
170330375,0.35,44.16,7.1,49.37,122.9,123.1
170555250,0.35,43.99,7.2,49.37,123.4,123.6
170780125,0.41,43.81,8.5,42.32,123.8,124.1
171005000,0.41,43.64,8.5,42.32,124.4,124.7
171229875,0.41,43.46,8.6,42.32,124.9,125.2
171454750,0.41,43.11,8.7,42.32,126.1,126.4
171679625,0.41,42.93,8.8,42.32,126.6,126.9
171904500,0.41,42.76,8.9,42.32,127.2,127.5
172129375,0.41,42.58,8.9,42.32,127.8,128.1
172354250,0.41,42.40,9.0,42.32,128.3,128.7
172579125,0.41,42.23,9.1,42.32,128.9,129.2
172804000,0.41,41.88,9.2,42.32,130.1,130.4
173028875,0.41,41.70,9.3,42.32,130.7,131.0
173253750,0.41,41.52,9.4,42.32,131.3,131.6
173478625,0.35,41.35,8.1,49.37,132.1,132.3
173703500,0.35,41.17,8.2,49.37,132.7,132.9
173928375,0.35,41.00,8.2,49.37,133.3,133.5
174153250,0.35,40.65,8.4,49.37,134.5,134.8
174378125,0.35,40.47,8.4,49.37,135.2,135.4
174603000,0.35,40.29,8.5,49.37,135.8,136.1
174827875,0.35,40.12,8.6,49.37,136.5,136.7
175052750,0.35,39.94,8.7,49.37,137.1,137.4
175277625,0.35,39.77,8.7,49.37,137.8,138.0
175502500,0.35,39.41,8.9,49.37,139.1,139.4
175727375,0.35,39.24,9.0,49.37,139.8,140.0
175952250,0.35,39.06,9.0,49.37,140.4,140.7
176177125,0.35,38.89,9.1,49.37,141.1,141.4
176402000,0.29,38.71,7.7,59.24,142.0,142.2
176626875,0.29,38.53,7.7,59.24,142.7,142.9
176851750,0.35,38.18,9.4,49.37,143.9,144.2
177076625,0.35,38.01,9.5,49.37,144.6,144.9
177301500,0.35,37.83,9.6,49.37,145.3,145.7
177526375,0.35,37.65,9.7,49.37,146.1,146.4
177751250,0.35,37.48,9.8,49.37,146.8,147.1
177976125,0.35,37.30,9.9,49.37,147.5,147.9
178201000,0.35,37.13,10.0,49.37,148.3,148.6
178425875,0.35,36.77,10.1,49.37,149.8,150.1
178650750,0.35,36.60,10.2,49.37,150.6,150.9
178875625,0.35,36.42,10.3,49.37,151.3,151.7
179100500,0.35,36.25,10.4,49.37,152.1,152.5
179325375,0.29,36.07,8.8,59.24,153.1,153.4
179550250,0.29,35.89,8.9,59.24,153.9,154.2
179775125,0.29,35.72,8.9,59.24,154.7,155.0
