Frequency(Hz),Return Loss(dB),Phase(deg),Rs,SWR,Xs,|Z|
100000,1.94,114.02,7.8,9.01,31.9,32.8
327146,0.94,174.55,2.7,18.53,2.4,3.6
554292,0.82,171.55,2.4,21.17,3.7,4.4
781438,0.70,168.04,2.0,24.70,5.2,5.6
1008584,0.65,164.52,1.9,26.94,6.8,7.0
1235730,0.65,161.00,1.9,26.94,8.4,8.6
1462876,0.59,157.65,1.8,29.63,9.9,10.0
1690022,0.53,154.13,1.6,32.92,11.5,11.6
1917168,0.53,150.62,1.6,32.92,13.1,13.2
2144314,0.47,147.10,1.5,37.03,14.8,14.8
2371460,0.47,143.75,1.5,37.03,16.4,16.4
2598606,0.41,140.41,1.3,42.32,18.0,18.0
2825752,0.35,137.07,1.2,49.37,19.7,19.7
3052898,0.35,133.72,1.2,49.37,21.4,21.4
3280044,0.35,130.56,1.2,49.37,23.0,23.0
3507190,0.29,127.21,1.1,59.24,24.8,24.8
3734336,0.29,124.05,1.1,59.24,26.5,26.6
3961482,0.29,121.06,1.1,59.24,28.2,28.3
4188628,0.23,117.89,0.9,74.05,30.1,30.1
4415774,0.23,114.90,1.0,74.05,31.9,31.9
4642920,0.23,111.91,1.0,74.05,33.8,33.8
4870066,0.23,109.09,1.0,74.05,35.6,35.6
5097212,0.18,106.28,0.8,98.73,37.5,37.5
5324358,0.18,103.28,0.8,98.73,39.6,39.6
5551504,0.18,100.65,0.9,98.73,41.5,41.5
5778650,0.18,97.83,0.9,98.73,43.6,43.6
6005796,0.18,95.19,0.9,98.73,45.7,45.7
6232942,0.12,92.55,0.6,48.10,47.8,47.8
6460088,0.12,90.09,0.7,48.10,49.9,49.9
6687234,0.12,87.45,0.7,48.10,52.3,52.3
6914380,0.12,84.99,0.7,48.10,54.6,54.6
7141526,0.12,82.52,0.8,48.10,57.0,57.0
7368672,0.06,80.06,0.4,96.19,59.5,59.5
7595818,0.06,77.77,0.4,96.19,62.0,62.0
7822964,0.06,75.48,0.5,96.19,64.6,64.6
8050110,0.06,73.20,0.5,96.19,67.3,67.3
8277256,0.06,70.91,0.5,96.19,70.2,70.2
8504402,0.06,68.80,0.5,96.19,73.0,73.0
8731548,0.06,66.51,0.6,96.19,76.2,76.2
8958694,-0.00,64.40,0.0,?,79.4,79.4
9185840,-0.00,62.29,0.0,?,82.7,82.7
9412986,-0.00,60.18,0.0,?,86.3,86.3
9640132,-0.00,58.24,0.0,?,89.8,89.8
9867278,-0.06,56.30,0.8,96.19,93.4,93.4
10094424,-0.06,54.37,0.8,96.19,97.3,97.4
10321570,-0.06,52.43,0.9,96.19,101.5,101.5
10548716,-0.06,50.50,0.9,96.19,106.0,106.0
10775862,-0.06,48.56,1.0,96.19,110.8,110.8
11003008,-0.06,46.80,1.1,96.19,115.5,115.5
11230154,-0.12,45.04,2.3,48.10,120.5,120.6
11457300,-0.12,43.28,2.5,48.10,126.0,126.0
11684446,-0.18,41.70,4.0,98.73,131.2,131.2
11911592,-0.18,40.12,4.3,98.73,136.8,136.9
12138738,-0.18,38.53,4.6,98.73,142.9,143.0
12365884,-0.12,36.95,3.4,48.10,149.6,149.6
12593030,-0.12,35.37,3.7,48.10,156.8,156.8
12820176,-0.12,33.78,4.0,48.10,164.6,164.6
13047322,-0.12,32.02,4.4,48.10,174.1,174.2
13274468,-0.12,30.44,4.9,48.10,183.7,183.7
13501614,-0.12,28.86,5.4,48.10,194.2,194.3
13728760,-0.06,27.27,3.0,96.19,206.1,206.1
13955906,-0.06,25.69,3.4,96.19,219.2,219.3
14183052,-0.06,23.93,3.9,96.19,235.9,235.9
14410198,-0.06,22.35,4.5,96.19,253.1,253.1
14637344,-0.12,20.59,10.6,48.10,274.9,275.1
14864490,-0.12,19.18,12.1,48.10,295.5,295.7
15091636,-0.06,17.60,7.2,96.19,322.9,323.0
15318782,-0.12,16.19,17.0,48.10,350.8,351.2
15545928,-0.12,14.78,20.4,48.10,384.4,385.0
15773074,-0.12,13.37,24.8,48.10,425.1,425.8
16000220,-0.12,11.79,31.9,48.10,482.2,483.3
16227366,-0.12,10.56,39.7,48.10,538.3,539.7
16454512,-0.12,9.15,52.7,48.10,620.4,622.7
16681658,-0.12,7.74,73.3,48.10,731.6,735.3
16908804,-0.12,6.51,103.3,48.10,866.9,873.0
17135950,-0.12,5.10,166.6,48.10,1096.9,1109.5
17363096,-0.18,4.05,375.4,98.73,1307.6,1360.4
17590242,-0.18,2.99,646.2,98.73,1664.4,1785.4
17817388,-0.12,2.29,760.4,48.10,2247.3,2372.5
18044534,-0.18,1.94,1305.8,98.73,2177.0,2538.6
18271680,-0.18,1.76,1496.9,98.73,2268.7,2718.1
18498826,-0.18,1.76,1496.9,98.73,2268.7,2718.1
18725972,-0.18,2.11,1145.7,98.73,2083.6,2377.8
18953118,-0.18,2.64,800.1,98.73,1818.7,1986.9
19180264,-0.18,3.52,484.5,98.73,1467.9,1545.8
19407410,-0.18,4.57,298.7,98.73,1176.0,1213.4
19634556,-0.23,5.63,260.3,74.05,945.3,980.5
19861702,-0.23,6.86,179.4,74.05,793.5,813.6
20088848,-0.18,8.27,95.5,98.73,678.2,684.9
20315994,-0.18,9.68,70.2,98.73,582.3,586.5
20543140,-0.23,10.91,73.3,74.05,513.3,518.5
20770286,-0.23,12.14,59.4,74.05,462.6,466.4
20997432,-0.23,13.37,49.2,74.05,420.9,423.7
21224578,-0.23,14.43,42.3,74.05,390.5,392.8
21451724,-0.23,15.66,36.0,74.05,360.1,361.9
21678870,-0.18,16.89,23.4,98.73,335.1,336.0
21906016,-0.18,18.12,20.3,98.73,312.2,312.9
22133162,-0.18,19.53,17.5,98.73,289.5,290.0
22360308,-0.18,20.94,15.3,98.73,269.7,270.2
22587454,-0.12,22.35,9.0,48.10,252.8,253.0
22814600,-0.12,23.58,8.1,48.10,239.3,239.4
23041746,-0.12,24.99,7.2,48.10,225.5,225.6
23268892,-0.12,26.39,6.5,48.10,213.0,213.1
23496038,-0.12,27.80,5.8,48.10,201.9,202.0
23723184,-0.12,29.21,5.3,48.10,191.8,191.8
23950330,-0.12,30.62,4.8,48.10,182.6,182.6
24177476,-0.12,32.02,4.4,48.10,174.1,174.2
24404622,-0.12,33.43,4.1,48.10,166.4,166.5
24631768,-0.12,35.01,3.7,48.10,158.4,158.5
24858914,-0.12,36.42,3.5,48.10,151.9,151.9
25086060,-0.12,37.83,3.2,48.10,145.9,145.9
25313206,-0.12,39.41,3.0,48.10,139.5,139.6
25540352,-0.12,40.82,2.8,48.10,134.3,134.3
25767498,-0.06,42.40,1.3,96.19,128.9,128.9
25994644,-0.06,43.81,1.2,96.19,124.3,124.3
26221790,-0.06,45.40,1.1,96.19,119.5,119.5
26448936,-0.00,46.98,0.0,?,115.0,115.0
26676082,-0.00,48.39,0.0,?,111.3,111.3
26903228,-0.00,49.97,0.0,?,107.3,107.3
27130374,-0.00,51.38,0.0,?,103.9,103.9
27357520,-0.00,52.96,0.0,?,100.4,100.4
27584666,-0.00,54.55,0.0,?,97.0,97.0
27811812,-0.00,55.95,0.0,?,94.1,94.1
28038958,-0.00,57.54,0.0,?,91.1,91.1
28266104,-0.00,59.12,0.0,?,88.2,88.2
28493250,0.06,60.70,0.7,96.19,85.4,85.4
28720396,0.06,62.46,0.6,96.19,82.5,82.5
28947542,0.06,64.05,0.6,96.19,79.9,79.9
29174688,0.06,65.81,0.6,96.19,77.3,77.3
29401834,0.12,67.57,1.1,48.10,74.7,74.7
29628980,0.12,69.33,1.0,48.10,72.3,72.3
29856126,0.12,71.26,1.0,48.10,69.8,69.8
30083272,0.18,73.02,1.4,98.73,67.5,67.5
30310418,0.18,74.78,1.4,98.73,65.4,65.4
30537564,0.18,76.72,1.3,98.73,63.2,63.2
30764710,0.18,78.65,1.3,98.73,61.0,61.0
30991856,0.18,80.59,1.2,98.73,59.0,59.0
31219002,0.23,82.52,1.6,74.05,57.0,57.0
31446148,0.23,84.46,1.5,74.05,55.1,55.1
31673294,0.23,86.57,1.4,74.05,53.1,53.1
31900440,0.29,88.50,1.7,59.24,51.3,51.3
32127586,0.29,90.62,1.7,59.24,49.4,49.5
32354732,0.29,92.73,1.6,59.24,47.6,47.7
32581878,0.29,94.84,1.6,59.24,45.9,45.9
32809024,0.35,97.13,1.8,49.37,44.1,44.1
33036170,0.41,99.24,2.0,42.32,42.5,42.5
33263316,0.41,101.52,2.0,42.32,40.8,40.8
33490462,0.41,103.81,1.9,42.32,39.2,39.2
33717608,0.41,106.10,1.8,42.32,37.6,37.6
33944754,0.41,108.39,1.8,42.32,36.0,36.1
34171900,0.41,110.67,1.7,42.32,34.5,34.6
34399046,0.47,113.14,1.9,37.03,33.0,33.0
34626192,0.47,115.60,1.9,37.03,31.5,31.5
34853338,0.47,118.06,1.8,37.03,30.0,30.0
35080484,0.47,120.53,1.8,37.03,28.5,28.6
35307630,0.47,122.99,1.7,37.03,27.1,27.2
35534776,0.53,125.45,1.9,32.92,25.7,25.8
35761922,0.53,128.09,1.9,32.92,24.3,24.4
35989068,0.53,130.73,1.8,32.92,22.9,23.0
36216214,0.59,133.37,2.0,29.63,21.5,21.6
36443360,0.59,136.19,2.0,29.63,20.1,20.2
36670506,0.65,139.00,2.1,26.94,18.7,18.8
36897652,0.65,141.82,2.1,26.94,17.3,17.4
37124798,0.65,144.63,2.0,26.94,15.9,16.0
37351944,0.65,147.62,2.0,26.94,14.5,14.6
37579090,0.70,150.62,2.2,24.70,13.1,13.3
37806236,0.70,153.61,2.1,24.70,11.7,11.9
38033382,0.70,156.60,2.1,24.70,10.3,10.6
38260528,0.70,159.59,2.1,24.70,9.0,9.2
38487674,0.70,162.58,2.1,24.70,7.6,7.9
38714820,0.70,165.75,2.1,24.70,6.2,6.6
38941966,0.70,168.74,2.0,24.70,4.9,5.3
39169112,0.70,171.91,2.0,24.70,3.5,4.1
39396258,0.70,175.07,2.0,24.70,2.1,3.0
39623404,0.70,178.06,2.0,24.70,0.8,2.2
39850550,0.70,180.00,2.0,24.70,0.0,2.0
40077696,0.70,180.00,2.0,24.70,0.0,2.0
40304842,0.70,178.24,2.0,24.70,0.8,2.2
40531988,0.70,175.07,2.0,24.70,2.1,3.0
40759134,0.76,171.91,2.2,22.80,3.5,4.2
40986280,0.70,168.74,2.0,24.70,4.9,5.3
41213426,0.70,165.40,2.1,24.70,6.4,6.7
41440572,0.70,162.23,2.1,24.70,7.8,8.1
41667718,0.76,158.89,2.3,22.80,9.3,9.6
41894864,0.70,155.72,2.1,24.70,10.7,10.9
42122010,0.76,152.55,2.3,22.80,12.2,12.4
42349156,0.70,149.38,2.2,24.70,13.7,13.8
42576302,0.70,146.22,2.2,24.70,15.2,15.3
42803448,0.70,143.05,2.3,24.70,16.7,16.8
43030594,0.70,139.88,2.3,24.70,18.2,18.4
43257740,0.65,136.72,2.1,26.94,19.8,19.9
43484886,0.65,133.55,2.2,26.94,21.4,21.5
43712032,0.59,130.56,2.0,29.63,23.0,23.1
43939178,0.59,127.39,2.1,29.63,24.7,24.8
44166324,0.53,124.40,1.9,32.92,26.3,26.4
44393470,0.53,121.41,2.0,32.92,28.0,28.1
44620616,0.47,118.42,1.8,37.03,29.8,29.8
44847762,0.47,115.43,1.9,37.03,31.6,31.6
45074908,0.41,112.43,1.7,42.32,33.4,33.5
45302054,0.41,109.62,1.8,42.32,35.2,35.3
45529200,0.35,106.63,1.6,49.37,37.2,37.3
45756346,0.29,103.81,1.4,59.24,39.2,39.2
45983492,0.23,101.00,1.1,74.05,41.2,41.2
46210638,0.23,98.18,1.2,74.05,43.3,43.3
46437784,0.18,95.37,0.9,98.73,45.5,45.5
46664930,0.06,92.55,0.3,96.19,47.8,47.8
46892076,-0.00,89.74,0.0,?,50.2,50.2
47119222,-0.12,87.10,0.7,48.10,52.6,52.6
47346368,-0.23,84.28,1.5,74.05,55.2,55.3
47573514,-0.35,81.64,2.4,49.37,57.8,57.9
47800660,-0.53,79.18,3.7,32.92,60.3,60.4
48027806,-0.70,77.07,5.2,24.70,62.5,62.7
48254952,-0.94,74.96,7.3,18.53,64.7,65.1
48482098,-1.17,73.37,9.4,14.83,66.3,66.9
48709244,-1.35,73.02,10.8,12.90,66.4,67.3
48936390,-1.35,73.37,10.7,12.90,66.0,66.9
49163536,-1.11,73.72,8.8,15.61,65.9,66.5
49390682,-0.88,73.20,7.1,19.76,66.8,67.2
49617828,-0.65,71.44,5.4,26.94,69.3,69.5
49844974,-0.47,69.33,4.2,37.03,72.1,72.3
50072120,-0.35,66.86,3.3,49.37,75.6,75.7
50299266,-0.29,64.40,3.0,59.24,79.3,79.4
50526412,-0.29,62.11,3.2,59.24,82.9,83.0
50753558,-0.23,59.82,2.7,74.05,86.8,86.9
50980704,-0.23,57.54,2.9,74.05,91.0,91.0
51207850,-0.23,55.43,3.1,74.05,95.1,95.2
51434996,-0.23,53.31,3.4,74.05,99.5,99.6
51662142,-0.23,51.38,3.6,74.05,103.8,103.9
51889288,-0.23,49.44,3.9,74.05,108.5,108.6
52116434,-0.23,47.51,4.2,74.05,113.5,113.6
52343580,-0.23,45.57,4.5,74.05,118.9,119.0
52570726,-0.29,43.81,6.1,59.24,124.1,124.2
52797872,-0.29,42.05,6.5,59.24,129.8,130.0
53025018,-0.29,40.29,7.1,59.24,136.0,136.1
53252164,-0.29,38.53,7.7,59.24,142.7,142.9
53479310,-0.23,36.95,6.7,74.05,149.4,149.5
53706456,-0.29,35.19,9.2,59.24,157.2,157.4
53933602,-0.29,33.61,10.1,59.24,165.0,165.3
54160748,-0.29,32.02,11.1,59.24,173.6,173.9
54387894,-0.29,30.44,12.2,59.24,183.0,183.4
54615040,-0.29,28.86,13.5,59.24,193.5,193.9
54842186,-0.35,27.27,18.1,49.37,204.6,205.4
55069332,-0.35,25.87,20.1,49.37,216.0,216.9
55296478,-0.35,24.46,22.4,49.37,228.6,229.7
55523624,-0.35,22.87,25.5,49.37,244.6,245.9
55750770,-0.41,21.64,33.0,42.32,257.5,259.6
55977916,-0.41,20.23,37.6,42.32,275.2,277.8
56205062,-0.41,18.83,43.3,42.32,295.4,298.6
56432208,-0.41,17.60,49.4,42.32,315.5,319.4
56659354,-0.47,16.19,65.7,37.03,339.1,345.4
56886500,-0.41,14.96,67.6,42.32,368.8,374.9
57113646,-0.41,13.90,77.8,42.32,395.1,402.7
57340792,-0.41,12.49,95.4,42.32,436.2,446.5
57567938,-0.41,11.26,116.1,42.32,479.3,493.2
57795084,-0.47,9.85,166.7,37.03,527.8,553.5
58022230,-0.47,8.62,211.8,37.03,587.4,624.4
58249376,-0.47,7.57,265.8,37.03,647.6,700.1
58476522,-0.47,6.51,341.7,37.03,716.9,794.2
58703668,-0.47,5.45,451.3,37.03,793.8,913.1
58930814,-0.47,4.57,581.7,37.03,858.5,1037.0
59157960,-0.47,3.70,763.8,37.03,910.7,1188.6
59385106,-0.41,2.82,1017.2,42.32,1056.6,1466.7
59612252,-0.41,2.29,1235.2,42.32,1042.6,1616.4
59839398,-0.41,1.94,1400.8,42.32,1000.5,1721.4
60066544,-0.41,1.76,1488.1,42.32,966.3,1774.3
60293690,-0.35,1.76,1567.9,49.37,1188.0,1967.1
60520836,-0.35,1.94,1456.4,49.37,1213.7,1895.8
60747982,-0.35,2.29,1252.6,49.37,1233.7,1758.1
60975128,-0.35,2.99,928.1,49.37,1195.1,1513.1
61202274,-0.35,3.70,698.8,49.37,1111.3,1312.7
61429420,-0.35,4.75,476.1,49.37,972.9,1083.1
61656566,-0.29,5.81,296.2,59.24,887.3,935.5
61883712,-0.29,6.86,218.3,59.24,772.5,802.7
62110858,-0.29,8.09,160.3,59.24,668.5,687.4
62338004,-0.29,9.15,127.0,59.24,598.1,611.4
62565150,-0.29,10.38,99.7,59.24,531.9,541.1
62792296,-0.29,11.44,82.7,59.24,485.4,492.4
63019442,-0.29,12.67,67.8,59.24,440.1,445.3
63246588,-0.29,13.90,56.6,59.24,402.3,406.3
63473734,-0.29,14.96,49.0,59.24,374.6,377.8
63700880,-0.29,16.19,42.0,59.24,346.6,349.1
63928026,-0.29,17.24,37.1,59.24,325.6,327.7
64155172,-0.29,18.48,32.4,59.24,304.1,305.8
64382318,-0.29,19.53,29.1,59.24,287.7,289.1
64609464,-0.29,20.76,25.8,59.24,270.6,271.8
64836610,-0.23,21.99,18.5,74.05,256.0,256.7
65063756,-0.29,23.05,21.0,59.24,243.5,244.4
65290902,-0.29,24.11,19.2,59.24,232.6,233.4
65518048,-0.29,25.34,17.4,59.24,221.1,221.8
65745194,-0.29,26.39,16.1,59.24,212.1,212.7
65972340,-0.29,27.62,14.7,59.24,202.4,202.9
66199486,-0.29,28.68,13.7,59.24,194.7,195.2
66426632,-0.23,29.91,10.1,74.05,186.7,186.9
66653778,-0.18,30.97,7.1,98.73,180.2,180.4
66880924,-0.23,32.20,8.8,74.05,172.8,173.0
67108070,-0.23,33.43,8.1,74.05,166.1,166.3
67335216,-0.18,34.49,5.8,98.73,160.9,161.0
67562362,-0.18,35.72,5.4,98.73,155.0,155.1
67789508,-0.23,36.95,6.7,74.05,149.4,149.5
68016654,-0.18,38.01,4.8,98.73,145.0,145.1
68243800,-0.18,39.24,4.5,98.73,140.1,140.2
68470946,-0.23,40.47,5.6,74.05,135.4,135.6
68698092,-0.18,41.70,4.0,98.73,131.2,131.2
68925238,-0.18,42.76,3.8,98.73,127.6,127.7
69152384,-0.12,43.99,2.4,48.10,123.8,123.8
69379530,-0.12,45.22,2.3,48.10,120.0,120.0
69606676,-0.12,46.45,2.2,48.10,116.5,116.5
69833822,-0.12,47.68,2.1,48.10,113.1,113.1
70060968,-0.12,48.91,2.0,48.10,109.9,109.9
70288114,-0.12,50.15,1.9,48.10,106.8,106.9
70515260,-0.12,51.38,1.8,48.10,103.9,103.9
70742406,-0.12,52.61,1.7,48.10,101.1,101.1
70969552,-0.06,53.84,0.8,96.19,98.5,98.5
71196698,-0.06,55.25,0.8,96.19,95.5,95.5
71423844,-0.06,56.48,0.8,96.19,93.1,93.1
71650990,-0.06,57.71,0.7,96.19,90.7,90.7
71878136,-0.06,58.94,0.7,96.19,88.5,88.5
72105282,-0.06,60.18,0.7,96.19,86.3,86.3
72332428,-0.00,61.58,0.0,?,83.9,83.9
72559574,-0.00,62.82,0.0,?,81.9,81.9
72786720,-0.00,64.22,0.0,?,79.7,79.7
73013866,-0.00,65.63,0.0,?,77.5,77.5
73241012,-0.00,67.04,0.0,?,75.5,75.5
73468158,-0.00,68.27,0.0,?,73.8,73.8
73695304,0.06,69.68,0.5,96.19,71.8,71.8
73922450,0.06,71.09,0.5,96.19,70.0,70.0
74149596,0.06,72.49,0.5,96.19,68.2,68.2
74376742,0.06,73.90,0.5,96.19,66.5,66.5
74603888,0.12,75.48,0.9,48.10,64.6,64.6
74831034,0.12,76.89,0.9,48.10,63.0,63.0
75058180,0.12,78.30,0.8,48.10,61.4,61.4
75285326,0.12,79.88,0.8,48.10,59.7,59.7
75512472,0.12,81.47,0.8,48.10,58.1,58.1
75739618,0.18,82.87,1.2,98.73,56.6,56.6
75966764,0.18,84.46,1.1,98.73,55.1,55.1
76193910,0.18,86.04,1.1,98.73,53.6,53.6
76421056,0.18,87.62,1.1,98.73,52.1,52.1
76648202,0.18,89.38,1.0,98.73,50.5,50.5
76875348,0.23,90.97,1.3,74.05,49.1,49.2
77102494,0.23,92.55,1.3,74.05,47.8,47.8
77329640,0.23,94.31,1.3,74.05,46.4,46.4
77556786,0.23,95.89,1.2,74.05,45.1,45.1
77783932,0.23,97.65,1.2,74.05,43.7,43.7
78011078,0.23,99.41,1.2,74.05,42.4,42.4
78238224,0.29,101.17,1.4,59.24,41.1,41.1
78465370,0.29,102.93,1.4,59.24,39.8,39.8
78692516,0.29,104.87,1.3,59.24,38.4,38.5
78919662,0.29,106.80,1.3,59.24,37.1,37.1
79146808,0.29,108.56,1.3,59.24,35.9,36.0
79373954,0.29,110.50,1.2,59.24,34.7,34.7
79601100,0.29,112.43,1.2,59.24,33.4,33.5
79828246,0.29,114.55,1.2,59.24,32.1,32.1
80055392,0.29,116.48,1.2,59.24,30.9,31.0
80282538,0.29,118.59,1.1,59.24,29.7,29.7
80509684,0.29,120.70,1.1,59.24,28.4,28.5
80736830,0.29,122.82,1.1,59.24,27.2,27.3
80963976,0.29,124.93,1.1,59.24,26.1,26.1
81191122,0.29,127.04,1.1,59.24,24.9,24.9
81418268,0.29,129.33,1.0,59.24,23.7,23.7
81645414,0.29,131.61,1.0,59.24,22.5,22.5
81872560,0.29,133.90,1.0,59.24,21.3,21.3
82099706,0.23,136.19,0.8,74.05,20.1,20.1
82326852,0.23,138.48,0.8,74.05,19.0,19.0
82553998,0.23,140.94,0.8,74.05,17.7,17.7
82781144,0.23,143.23,0.7,74.05,16.6,16.6
83008290,0.18,145.69,0.6,98.73,15.4,15.4
83235436,0.18,148.15,0.5,98.73,14.3,14.3
83462582,0.18,150.79,0.5,98.73,13.0,13.0
83689728,0.12,153.26,0.4,48.10,11.9,11.9
83916874,0.12,155.89,0.4,48.10,10.7,10.7
84144020,0.06,158.53,0.2,96.19,9.5,9.5
84371166,0.06,161.17,0.2,96.19,8.3,8.3
84598312,-0.00,163.81,0.0,?,7.1,7.1
84825458,-0.00,166.45,0.0,?,5.9,5.9
85052604,-0.06,169.27,0.2,96.19,4.7,4.7
85279750,-0.12,172.08,0.3,48.10,3.5,3.5
85506896,-0.18,174.90,0.5,98.73,2.2,2.3
85734042,-0.23,177.71,0.7,74.05,1.0,1.2
85961188,-0.29,179.65,0.8,59.24,0.2,0.9
86188334,-0.35,180.00,1.0,49.37,0.0,1.0
86415480,-0.47,179.30,1.4,37.03,0.3,1.4
86642626,-0.53,176.66,1.5,32.92,1.5,2.1
86869772,-0.65,173.84,1.9,26.94,2.7,3.3
87096918,-0.70,171.03,2.0,24.70,3.9,4.4
87324064,-0.82,168.39,2.4,21.17,5.1,5.6
87551210,-0.94,165.75,2.7,18.53,6.2,6.8
87778356,-1.00,163.28,2.9,17.44,7.3,7.9
88005502,-1.11,160.82,3.3,15.61,8.4,9.0
88232648,-1.17,158.53,3.5,14.83,9.4,10.1
88459794,-1.17,156.25,3.5,14.83,10.5,11.0
88686940,-1.17,153.78,3.6,14.83,11.6,12.1
88914086,-1.17,150.97,3.6,14.83,12.9,13.4
89141232,-1.23,147.98,3.8,14.13,14.3,14.8
89368378,-1.29,144.63,4.1,13.49,15.8,16.4
89595524,-1.41,141.11,4.5,12.37,17.5,18.1
89822670,-1.64,137.77,5.4,10.61,19.1,19.9
90049816,-1.88,134.78,6.3,9.29,20.5,21.5
90276962,-2.11,132.49,7.2,8.27,21.6,22.8
90504108,-2.29,130.73,7.9,7.64,22.5,23.8
90731254,-2.46,129.15,8.6,7.10,23.2,24.7
90958400,-2.52,127.92,8.9,6.94,23.8,25.4
91185546,-2.52,126.51,9.0,6.94,24.5,26.1
91412692,-2.52,125.10,9.1,6.94,25.3,26.9
91639838,-2.46,123.52,9.0,7.10,26.2,27.7
91866984,-2.46,121.58,9.2,7.10,27.2,28.7
92094130,-2.40,119.65,9.1,7.27,28.3,29.8
92321276,-2.40,117.71,9.3,7.27,29.4,30.9
92548422,-2.35,115.78,9.3,7.45,30.6,32.0
92775568,-2.35,113.84,9.5,7.45,31.7,33.1
93002714,-2.29,111.73,9.5,7.64,33.1,34.4
93229860,-2.23,109.62,9.5,7.84,34.4,35.7
93457006,-2.23,107.33,9.7,7.84,35.9,37.2
93684152,-2.17,105.22,9.8,8.05,37.3,38.5
93911298,-2.17,103.28,10.0,8.05,38.6,39.9
94138444,-2.11,101.35,10.0,8.27,40.0,41.2
94365590,-2.05,99.41,10.0,8.50,41.4,42.6
94592736,-1.94,97.48,9.7,9.01,42.9,44.0
94819882,-1.88,95.54,9.7,9.29,44.4,45.5
95047028,-1.76,93.26,9.5,9.91,46.3,47.3
95274174,-1.70,90.97,9.5,10.25,48.2,49.2
95501320,-1.58,88.50,9.3,11.00,50.5,51.3
95728466,-1.52,86.04,9.3,11.42,52.7,53.5
95955612,-1.52,83.40,9.8,11.42,55.2,56.0
96182758,-1.52,81.11,10.2,11.42,57.4,58.3
96409904,-1.47,78.83,10.3,11.88,59.8,60.7
96637050,-1.47,76.54,10.9,11.88,62.2,63.2
96864196,-1.47,74.25,11.4,11.88,64.8,65.8
97091342,-1.41,72.14,11.5,12.37,67.4,68.3
97318488,-1.41,69.85,12.2,12.37,70.2,71.2
97545634,-1.41,67.74,12.8,12.37,72.9,74.1
97772780,-1.35,65.63,13.0,12.90,76.0,77.1
97999926,-1.35,63.52,13.8,12.90,79.0,80.2
98227072,-1.35,61.41,14.6,12.90,82.3,83.6
98454218,-1.35,59.30,15.5,12.90,85.7,87.1
98681364,-1.35,57.36,16.5,12.90,89.1,90.6
98908510,-1.29,55.43,16.8,13.49,92.8,94.3
99135656,-1.29,53.49,17.9,13.49,96.6,98.2
99362802,-1.29,51.38,19.3,13.49,101.0,102.8
99589948,-1.29,49.62,20.5,13.49,104.9,106.9
99817094,-1.29,47.68,22.1,13.49,109.4,111.6
100044240,-1.23,45.75,22.8,14.13,114.7,116.9
100271386,-1.23,43.99,24.5,14.13,119.5,122.0
100498532,-1.23,42.23,26.4,14.13,124.6,127.4
100725678,-1.23,40.29,28.8,14.13,130.7,133.9
100952824,-1.23,38.53,31.2,14.13,136.7,140.2
101179970,-1.23,36.95,33.7,14.13,142.5,146.4
101407116,-1.23,35.19,36.9,14.13,149.4,153.9
101634262,-1.23,33.61,40.1,14.13,156.2,161.2
101861408,-1.23,32.02,43.8,14.13,163.4,169.2
102088554,-1.23,30.44,48.1,14.13,171.3,177.9
102315700,-1.23,28.86,53.0,14.13,179.8,187.4
102542846,-1.23,27.27,58.7,14.13,189.0,197.9
102769992,-1.23,25.87,64.5,14.13,197.9,208.1
102997138,-1.23,24.46,71.3,14.13,207.4,219.3
103224284,-1.17,22.87,77.2,14.83,221.4,234.5
103451430,-1.17,21.47,86.3,14.83,233.1,248.5
103678576,-1.17,20.06,97.0,14.83,245.7,264.2
103905722,-1.17,18.65,109.9,14.83,259.4,281.7
104132868,-1.17,17.24,125.2,14.83,274.1,301.3
104360014,-1.17,15.84,143.8,14.83,289.8,323.5
104587160,-1.17,14.43,166.5,14.83,306.3,348.7
104814306,-1.17,13.20,190.6,14.83,321.2,373.5
105041452,-1.17,11.96,219.5,14.83,335.9,401.3
105268598,-1.17,10.56,259.9,14.83,351.5,437.2
105495744,-1.11,9.33,299.8,15.61,377.6,482.1
105722890,-1.11,8.09,353.4,15.61,386.7,523.9
105950036,-1.11,6.86,417.6,15.61,387.8,569.9
106177182,-1.11,5.63,492.3,15.61,375.5,619.1
106404328,-1.11,4.57,562.9,15.61,349.0,662.3
106631474,-1.06,3.52,656.4,16.48,330.7,735.0
106858620,-1.06,2.64,720.4,16.48,272.3,770.2
107085766,-1.00,2.11,790.7,17.44,253.2,830.3
107312912,-1.06,1.76,774.4,16.48,195.1,798.6
107540058,-1.06,1.76,774.4,16.48,195.1,798.6
107767204,-1.06,1.76,774.4,16.48,195.1,798.6
107994350,-1.00,2.11,790.7,17.44,253.2,830.3
108221496,-1.00,2.64,751.3,17.44,300.7,809.2
108448642,-1.00,3.52,678.2,17.44,361.9,768.7
108675788,-1.00,4.40,602.9,17.44,401.9,724.6
108902934,-1.00,5.45,517.1,17.44,427.3,670.8
109130080,-1.00,6.51,441.0,17.44,434.6,619.1
109357226,-1.00,7.57,375.9,17.44,430.2,571.3
109584372,-1.00,8.80,313.3,17.44,416.5,521.2
109811518,-1.00,9.85,269.5,17.44,400.8,483.0
110038664,-1.06,11.09,233.8,16.48,369.0,436.9
110265810,-1.06,12.14,204.7,16.48,353.3,408.3
110492956,-1.00,13.20,174.3,17.44,345.9,387.3
110720102,-1.06,14.25,159.6,16.48,322.5,359.8
110947248,-1.06,15.48,139.4,16.48,305.5,335.8
111174394,-1.00,16.54,119.9,17.44,296.7,320.0
111401540,-1.06,17.60,112.4,16.48,279.0,300.8
111628686,-1.06,18.83,100.0,16.48,265.0,283.2
111855832,-1.00,19.88,86.9,17.44,256.9,271.1
112082978,-1.06,21.11,81.7,16.48,241.7,255.1
112310124,-1.06,22.17,74.9,16.48,232.0,243.8
112537270,-1.06,23.40,68.0,16.48,221.5,231.7
112764416,-1.06,24.46,62.7,16.48,213.1,222.2
112991562,-1.06,25.51,58.1,16.48,205.3,213.3
113218708,-1.06,26.74,53.3,16.48,196.7,203.8
113445854,-1.11,27.80,52.0,15.61,188.6,195.6
113673000,-1.11,28.86,48.6,15.61,182.2,188.6
113900146,-1.06,29.91,43.3,16.48,177.3,182.5
114127292,-1.11,30.97,42.7,15.61,170.6,175.9
114354438,-1.11,31.85,40.5,15.61,166.2,171.0
114581584,-1.11,32.90,38.1,15.61,161.0,165.5
114808730,-1.17,33.78,38.1,14.83,156.2,160.8
115035876,-1.17,34.66,36.3,14.83,152.4,156.6
115263022,-1.17,35.54,34.7,14.83,148.7,152.7
115490168,-1.17,36.42,33.1,14.83,145.2,148.9
115717314,-1.17,37.13,32.0,14.83,142.5,146.0
115944460,-1.17,38.01,30.6,14.83,139.2,142.5
116171606,-1.17,38.89,29.4,14.83,136.0,139.2
116398752,-1.11,39.59,27.1,15.61,134.1,136.8
116625898,-1.11,40.47,26.0,15.61,131.1,133.7
116853044,-1.11,41.35,25.0,15.61,128.3,130.7
117080190,-1.06,42.23,22.8,16.48,125.9,127.9
117307336,-1.06,43.11,22.0,16.48,123.2,125.1
117534482,-1.00,43.99,20.0,17.44,120.9,122.6
117761628,-1.00,45.04,19.2,17.44,117.9,119.5
117988774,-1.00,45.92,18.5,17.44,115.5,117.0
118215920,-0.94,46.80,16.8,18.53,113.4,114.7
118443066,-0.94,47.86,16.2,18.53,110.7,111.9
118670212,-0.88,48.74,14.7,19.76,108.7,109.7
118897358,-0.88,49.79,14.1,19.76,106.2,107.1
119124504,-0.82,50.67,12.8,21.17,104.3,105.1
119351650,-0.82,51.73,12.3,21.17,101.9,102.7
119578796,-0.76,52.79,11.0,22.80,99.8,100.4
119805942,-0.70,53.84,9.8,24.70,97.7,98.2
120033088,-0.70,54.90,9.5,24.70,95.5,96.0
120260234,-0.65,56.13,8.3,26.94,93.2,93.6
120487380,-0.65,57.18,8.1,26.94,91.2,91.5
120714526,-0.59,58.24,7.1,29.63,89.3,89.6
120941672,-0.59,59.30,6.9,29.63,87.4,87.7
121168818,-0.53,60.53,6.0,32.92,85.4,85.6
121395964,-0.53,61.58,5.8,32.92,83.6,83.8
121623110,-0.53,62.82,5.6,32.92,81.6,81.8
121850256,-0.47,64.05,4.8,37.03,79.7,79.9
122077402,-0.47,65.10,4.7,37.03,78.1,78.3
122304548,-0.41,66.33,3.9,42.32,76.4,76.5
122531694,-0.41,67.57,3.8,42.32,74.6,74.7
122758840,-0.29,68.80,2.6,59.24,73.0,73.0
122985986,-0.35,70.03,3.1,49.37,71.3,71.3
123213132,-0.29,71.26,2.5,59.24,69.7,69.7
123440278,-0.29,72.49,2.4,59.24,68.1,68.2
123667424,-0.23,73.72,1.9,74.05,66.7,66.7
123894570,-0.23,74.96,1.8,74.05,65.2,65.2
124121716,-0.23,76.19,1.8,74.05,63.8,63.8
124348862,-0.23,77.60,1.7,74.05,62.2,62.2
124576008,-0.18,78.83,1.3,98.73,60.8,60.8
124803154,-0.12,80.06,0.8,48.10,59.5,59.5
125030300,-0.12,81.47,0.8,48.10,58.1,58.1
125257446,-0.12,82.87,0.8,48.10,56.6,56.6
125484592,-0.12,84.28,0.7,48.10,55.3,55.3
125711738,-0.06,85.51,0.4,96.19,54.1,54.1
125938884,-0.06,86.92,0.4,96.19,52.8,52.8
126166030,-0.06,88.33,0.3,96.19,51.5,51.5
126393176,-0.06,89.56,0.3,96.19,50.4,50.4
126620322,-0.00,90.97,0.0,?,49.2,49.2
126847468,-0.00,92.38,0.0,?,48.0,48.0
127074614,-0.00,93.78,0.0,?,46.8,46.8
127301760,0.06,95.19,0.3,96.19,45.7,45.7
127528906,0.06,96.60,0.3,96.19,44.5,44.5
127756052,0.06,98.01,0.3,96.19,43.5,43.5
127983198,0.06,99.41,0.3,96.19,42.4,42.4
128210344,0.12,101.00,0.6,48.10,41.2,41.2
128437490,0.12,102.40,0.6,48.10,40.2,40.2
128664636,0.12,103.99,0.5,48.10,39.1,39.1
128891782,0.18,105.57,0.8,98.73,38.0,38.0
129118928,0.18,106.98,0.8,98.73,37.0,37.0
129346074,0.18,108.56,0.8,98.73,35.9,36.0
129573220,0.23,110.15,1.0,74.05,34.9,34.9
129800366,0.23,111.73,1.0,74.05,33.9,33.9
130027512,0.29,113.49,1.2,59.24,32.8,32.8
130254658,0.29,115.25,1.2,59.24,31.7,31.7
130481804,0.29,116.83,1.2,59.24,30.7,30.8
130708950,0.35,118.59,1.4,49.37,29.7,29.7
130936096,0.35,120.35,1.3,49.37,28.6,28.7
131163242,0.35,122.11,1.3,49.37,27.6,27.7
131390388,0.35,123.87,1.3,49.37,26.6,26.7
131617534,0.35,125.81,1.3,49.37,25.6,25.6
131844680,0.41,127.57,1.5,42.32,24.6,24.6
132071826,0.41,129.50,1.4,42.32,23.6,23.6
132298972,0.41,131.44,1.4,42.32,22.5,22.6
132526118,0.41,133.37,1.4,42.32,21.5,21.6
132753264,0.41,135.31,1.4,42.32,20.5,20.6
132980410,0.41,137.24,1.4,42.32,19.6,19.6
133207556,0.41,139.18,1.3,42.32,18.6,18.6
133434702,0.41,141.11,1.3,42.32,17.6,17.7
133661848,0.41,143.23,1.3,42.32,16.6,16.7
133888994,0.41,145.16,1.3,42.32,15.7,15.7
134116140,0.41,147.27,1.3,42.32,14.7,14.7
134343286,0.41,149.21,1.3,42.32,13.8,13.8
134570432,0.41,151.32,1.3,42.32,12.8,12.8
134797578,0.41,153.43,1.2,42.32,11.8,11.9
135024724,0.41,155.54,1.2,42.32,10.8,10.9
135251870,0.41,157.65,1.2,42.32,9.9,9.9
135479016,0.47,159.94,1.4,37.03,8.8,8.9
135706162,0.53,162.05,1.6,32.92,7.9,8.0
135933308,0.47,164.52,1.4,37.03,6.8,6.9
136160454,0.53,166.80,1.5,32.92,5.8,6.0
136387600,0.47,169.09,1.4,37.03,4.8,5.0
136614746,0.53,171.38,1.5,32.92,3.8,4.1
136841892,0.47,173.84,1.4,37.03,2.7,3.0
137069038,0.47,176.30,1.4,37.03,1.6,2.1
137296184,0.47,178.59,1.4,37.03,0.6,1.5
137523330,0.47,180.00,1.4,37.03,0.0,1.4
137750476,0.41,180.00,1.2,42.32,0.0,1.2
137977622,0.41,179.65,1.2,42.32,0.2,1.2
138204768,0.41,177.01,1.2,42.32,1.3,1.8
138431914,0.35,174.55,1.0,49.37,2.4,2.6
138659060,0.35,171.91,1.0,49.37,3.5,3.7
138886206,0.35,169.44,1.0,49.37,4.6,4.7
139113352,0.29,166.63,0.9,59.24,5.9,5.9
139340498,0.29,163.99,0.9,59.24,7.0,7.1
139567644,0.29,161.35,0.9,59.24,8.2,8.3
139794790,0.23,158.71,0.7,74.05,9.4,9.4
140021936,0.18,156.07,0.5,98.73,10.6,10.6
140249082,0.18,153.26,0.5,98.73,11.9,11.9
140476228,0.12,150.44,0.4,48.10,13.2,13.2
140703374,0.06,147.80,0.2,96.19,14.4,14.4
140930520,0.06,145.16,0.2,96.19,15.7,15.7
141157666,-0.00,142.52,0.0,?,17.0,17.0
141384812,-0.06,139.71,0.2,96.19,18.3,18.3
141611958,-0.12,137.07,0.4,48.10,19.7,19.7
141839104,-0.18,134.43,0.6,98.73,21.0,21.0
142066250,-0.18,131.79,0.6,98.73,22.4,22.4
142293396,-0.23,129.33,0.8,74.05,23.7,23.7
142520542,-0.29,126.69,1.1,59.24,25.1,25.1
142747688,-0.29,124.05,1.1,59.24,26.5,26.6
142974834,-0.35,121.41,1.3,49.37,28.0,28.1
143201980,-0.41,118.59,1.6,42.32,29.7,29.7
143429126,-0.41,115.78,1.6,42.32,31.4,31.4
143656272,-0.47,113.14,1.9,37.03,33.0,33.0
143883418,-0.47,110.50,2.0,37.03,34.6,34.7
144110564,-0.53,107.68,2.3,32.92,36.5,36.6
144337710,-0.59,105.04,2.7,29.63,38.3,38.4
144564856,-0.65,102.58,3.0,26.94,40.0,40.1
144792002,-0.70,100.12,3.4,24.70,41.8,41.9
145019148,-0.76,97.65,3.9,22.80,43.6,43.8
145246294,-0.76,95.01,4.0,22.80,45.6,45.8
145473440,-0.82,92.73,4.5,21.17,47.5,47.7
145700586,-0.82,90.26,4.7,21.17,49.5,49.8
145927732,-0.88,87.62,5.3,19.76,51.8,52.1
146154878,-0.88,85.16,5.5,19.76,54.1,54.4
146382024,-0.94,82.87,6.1,18.53,56.3,56.6
146609170,-0.94,80.41,6.4,18.53,58.7,59.1
146836316,-1.00,77.95,7.2,17.44,61.3,61.7
147063462,-1.00,75.48,7.6,17.44,64.0,64.5
147290608,-1.06,73.02,8.5,16.48,66.8,67.4
147517754,-1.06,70.73,9.0,16.48,69.7,70.3
147744900,-1.11,68.45,10.0,15.61,72.6,73.3
147972046,-1.11,66.16,10.6,15.61,75.7,76.5
148199192,-1.17,63.87,11.9,14.83,78.9,79.8
148426338,-1.17,61.58,12.7,14.83,82.5,83.4
148653484,-1.23,59.30,14.2,14.13,86.1,87.2
148880630,-1.23,57.18,15.2,14.13,89.8,91.0
149107776,-1.29,55.07,17.0,13.49,93.5,95.0
149334922,-1.29,52.79,18.4,13.49,98.0,99.7
149562068,-1.35,50.67,20.6,12.90,102.2,104.3
149789214,-1.35,48.56,22.3,12.90,107.0,109.3
150016360,-1.41,46.45,25.1,12.37,111.8,114.6
150243506,-1.41,44.34,27.3,12.37,117.3,120.4
150470652,-1.47,42.23,31.0,11.88,122.7,126.6
150697798,-1.47,40.12,34.0,11.88,129.1,133.5
150924944,-1.47,38.18,37.2,11.88,135.4,140.4
151152090,-1.52,36.07,42.6,11.42,142.1,148.4
151379236,-1.52,33.96,47.4,11.42,150.2,157.5
151606382,-1.58,32.02,54.3,11.00,157.0,166.2
151833528,-1.58,30.09,60.5,11.00,165.6,176.3
152060674,-1.64,28.15,69.8,10.61,173.2,186.7
152287820,-1.70,26.04,81.6,10.25,181.8,199.3
152514966,-1.70,24.11,92.6,10.25,191.9,213.0
152742112,-1.76,22.35,106.6,9.91,198.7,225.5
152969258,-1.82,20.41,124.4,9.59,205.7,240.4
153196404,-1.88,18.65,143.4,9.29,210.5,254.7
153423550,-1.94,16.72,167.2,9.01,214.1,271.6
153650696,-1.99,14.96,191.9,8.75,213.8,287.3
153877842,-2.05,13.20,219.0,8.50,209.6,303.1
154104988,-2.11,11.44,247.7,8.27,200.1,318.4
154332134,-2.23,9.68,274.0,7.84,177.6,326.6
154559280,-2.29,8.27,294.2,7.64,158.8,334.3
154786426,-2.35,6.69,314.2,7.45,133.8,341.6
155013572,-2.46,5.28,321.3,7.10,102.8,337.4
155240718,-2.52,4.22,326.0,6.94,81.5,336.0
155467864,-2.64,3.17,321.1,6.63,57.5,326.2
155695010,-2.76,2.46,312.1,6.35,41.6,314.8
155922156,-2.87,2.11,301.3,6.10,32.9,303.1
156149302,-2.93,1.76,296.6,5.98,26.5,297.7
156376448,-3.05,1.76,285.6,5.75,24.5,286.6
156603594,-3.17,1.76,275.3,5.55,22.7,276.3
156830740,-3.23,1.76,270.5,5.45,21.9,271.4
157057886,-3.28,1.76,265.9,5.35,21.1,266.7
157285032,-3.34,1.94,261.0,5.26,22.3,262.0
157512178,-3.34,1.94,261.0,5.26,22.3,262.0
157739324,-3.28,1.94,265.5,5.35,23.2,266.5
157966470,-3.28,1.94,265.5,5.35,23.2,266.5
158193616,-3.17,2.11,274.5,5.55,27.1,275.8
158420762,-3.11,2.11,279.5,5.65,28.2,280.9
158647908,-2.99,2.29,289.4,5.86,32.9,291.3
158875054,-2.87,2.64,299.2,6.10,40.9,302.0
159102200,-2.76,2.99,309.4,6.35,50.0,313.5
159329346,-2.70,3.70,311.2,6.49,63.5,317.6
159556492,-2.58,4.40,318.0,6.78,80.9,328.1
159783638,-2.46,5.28,321.3,7.10,102.8,337.4
160010784,-2.35,6.33,319.4,7.45,128.9,344.4
160237930,-2.29,7.39,308.5,7.64,148.9,342.5
160465076,-2.17,8.62,295.8,8.05,175.6,344.0
160692222,-2.11,10.03,272.9,8.27,193.6,334.6
160919368,-2.05,11.26,252.1,8.50,206.4,325.8
161146514,-1.99,12.67,227.9,8.75,215.8,313.8
161373660,-1.94,13.90,207.2,9.01,221.6,303.4
161600806,-1.88,15.13,187.4,9.29,224.6,292.5
161827952,-1.88,16.36,170.3,9.29,220.3,278.4
162055098,-1.82,17.42,155.4,9.59,220.6,269.8
162282244,-1.82,18.48,143.4,9.59,215.5,258.8
162509390,-1.76,19.53,130.5,9.91,214.0,250.6
162736536,-1.76,20.59,120.8,9.91,208.2,240.7
162963682,-1.70,21.64,109.8,10.25,205.5,233.0
163190828,-1.64,22.70,99.7,10.61,202.3,225.5
163417974,-1.58,23.75,90.4,11.00,198.7,218.3
163645120,-1.52,24.81,81.9,11.42,194.7,211.2
163872266,-1.52,26.04,75.4,11.42,187.7,202.3
164099412,-1.47,27.27,67.6,11.88,182.6,194.7
164326558,-1.41,28.50,60.6,12.37,177.6,187.6
164553704,-1.41,29.56,56.8,12.37,172.1,181.2
164780850,-1.35,30.79,50.9,12.90,167.2,174.8
165007996,-1.35,32.02,47.5,12.90,161.4,168.3
165235142,-1.29,33.08,43.1,13.49,157.6,163.4
165462288,-1.29,34.31,40.3,13.49,152.3,157.5
165689434,-1.29,35.54,37.8,13.49,147.3,152.0
165916580,-1.23,36.60,34.3,14.13,143.8,147.9
166143726,-1.23,37.65,32.6,14.13,139.9,143.6
166370872,-1.17,38.89,29.4,14.83,136.0,139.2
166598018,-1.17,40.12,27.7,14.83,131.8,134.7
166825164,-1.17,41.17,26.4,14.83,128.4,131.1
167052310,-1.11,42.23,24.0,15.61,125.5,127.8
167279456,-1.11,43.46,22.8,15.61,121.8,123.9
167506602,-1.11,44.52,21.8,15.61,118.8,120.7
167733748,-1.06,45.57,19.8,16.48,116.2,117.8
167960894,-1.06,46.63,19.0,16.48,113.3,114.9
168188040,-1.06,47.68,18.2,16.48,110.6,112.1
168415186,-1.06,48.56,17.6,16.48,108.5,109.9
168642332,-1.00,49.62,16.0,17.44,106.2,107.4
168869478,-1.00,50.67,15.4,17.44,103.7,104.9
169096624,-1.00,51.73,14.9,17.44,101.4,102.5
169323770,-0.94,52.61,13.6,18.53,99.7,100.6
169550916,-0.94,53.67,13.1,18.53,97.4,98.3
169778062,-0.88,54.72,11.9,19.76,95.5,96.2
170005208,-0.88,55.60,11.5,19.76,93.7,94.4
170232354,-0.88,56.66,11.1,19.76,91.7,92.4
170459500,-0.82,57.71,10.1,21.17,89.9,90.4
170686646,-0.70,58.77,8.4,24.70,88.2,88.6
170913792,-0.76,59.65,8.8,22.80,86.5,87.0
171140938,-0.65,60.70,7.2,26.94,84.9,85.2
171368084,-0.65,61.94,7.0,26.94,82.9,83.2
171595230,-0.59,62.99,6.2,29.63,81.3,81.5
171822376,-0.59,64.05,6.0,29.63,79.6,79.8
172049522,-0.53,65.10,5.2,32.92,78.1,78.3
172276668,-0.47,66.16,4.5,37.03,76.6,76.7
172503814,-0.47,67.21,4.4,37.03,75.1,75.2
172730960,-0.41,68.27,3.7,42.32,73.6,73.7
172958106,-0.41,69.50,3.6,42.32,71.9,72.0
173185252,-0.41,70.56,3.5,42.32,70.6,70.6
173412398,-0.35,71.79,2.9,49.37,69.0,69.1
173639544,-0.29,72.84,2.4,59.24,67.7,67.8
173866690,-0.29,74.08,2.3,59.24,66.2,66.2
174093836,-0.29,75.13,2.3,59.24,65.0,65.0
174320982,-0.23,76.36,1.8,74.05,63.5,63.6
174548128,-0.23,77.42,1.7,74.05,62.4,62.4
174775274,-0.18,78.65,1.3,98.73,61.0,61.0
175002420,-0.18,79.71,1.2,98.73,59.9,59.9
175229566,-0.12,80.94,0.8,48.10,58.6,58.6
175456712,-0.12,82.17,0.8,48.10,57.3,57.3
175683858,-0.12,83.40,0.8,48.10,56.1,56.1
175911004,-0.06,84.63,0.4,96.19,54.9,54.9
176138150,-0.06,85.87,0.4,96.19,53.7,53.7
176365296,-0.00,87.10,0.0,?,52.6,52.6
176592442,-0.00,88.33,0.0,?,51.5,51.5
176819588,0.06,89.56,0.3,96.19,50.4,50.4
177046734,0.12,90.79,0.7,48.10,49.3,49.3
177273880,0.12,92.20,0.7,48.10,48.1,48.1
177501026,0.18,93.43,1.0,98.73,47.1,47.1
177728172,0.18,94.66,0.9,98.73,46.1,46.1
177955318,0.23,95.89,1.2,74.05,45.1,45.1
178182464,0.23,97.13,1.2,74.05,44.1,44.1
178409610,0.23,98.53,1.2,74.05,43.0,43.1
178636756,0.29,99.94,1.4,59.24,42.0,42.0
178863902,0.29,101.17,1.4,59.24,41.1,41.1
179091048,0.29,102.58,1.4,59.24,40.1,40.1
179318194,0.35,103.81,1.6,49.37,39.2,39.2
179545340,0.35,105.22,1.6,49.37,38.2,38.2
179772486,0.35,106.63,1.6,49.37,37.2,37.3
